Input sentence,Output sentence
ഇന്നത്തെ കാലഘട്ടത്തിൽ നമുക്ക് ഒഴിച്ചുകൂടാൻ പറ്റാത്ത ഒന്നാണ് സാമൂഹ്യമാധ്യമങ്ങൾ.,ഇന്നത്തെ കാലഘട്ടത്തിൽ നമുക്ക് ഒഴിച്ചുകൂടാൻ പറ്റാത്ത ഒന്നാണ് സമൂഹമാധ്യമങ്ങൾ.
വൃദ്ധർ മുതൽ ഒരു വയസുള്ള കുട്ടി വരെ ഇന്ന് ഏതെങ്കിലും രീതിയിലുള്ള സാമൂഹ്യമാധ്യമം ഉപയോഗിക്കുകയോ അതോ അതിന്റെ ഏതെങ്കിലും പ്രത്യാഘാതം അനുഭവിക്കുകയോ ചെയ്തിട്ടുണ്ടാവാം.,വൃദ്ധർ മുതൽ ഒരു വയസുള്ള കുട്ടി വരെ ഇന്ന് ഏതെങ്കിലും രീതിയിലുള്ള സമൂഹമാധ്യമം ഉപയോഗിക്കുകയോ അതോ അതിന്റെ ഏതെങ്കിലും പ്രത്യാഘാതം അനുഭവിക്കുകയോ ചെയ്തിട്ടുണ്ടാവാം.
"ഇൻസ്റ്റയിൽ റീൽ കാണുന്നതു മുതൽ യൂട്യൂബിൽ വാർത്ത കേൾക്കുന്നതോ, എന്തിനു മറ്റുള്ളവരുടെ ജീവിതം ആസ്വദിക്കാൻ വരെ ആളുകൾ ഇന്ന് ഇവയെ ഉപയോഗിക്കുന്നു. ","ഇൻസ്റ്റയിൽ റീൽ കാണുന്നതു മുതൽ യൂട്യൂബിൽ വാർത്ത കേൾക്കുന്നതോ, എന്തിനു മറ്റുള്ളവരുടെ  ജീവിതത്തെക്കുറിച്ച് അറിയാൻ വരെ ആളുകൾ ഇന്ന് ഇവയെ ഉപയോഗിക്കുന്നു. "
" ഈ പറയുന്നവയൊക്കെ പലർക്കും സന്തോഷം നൽക്കുന്നതാണെങ്കിലും, ഇതിന് നമ്മൾ കൊടുക്കുന്ന വില പലരും അറിയുന്നില്ല എന്നതാണ് സത്യം."," ഈ പറയുന്നവയൊക്കെ പലർക്കും സന്തോഷം നൽക്കുന്നതാണെങ്കിലും, ഇതിന് നമ്മൾ കൊടുക്കുന്ന വില എന്താണെന്ന് പലരും അറിയുന്നില്ല എന്നതാണ് സത്യം."
നമ്മുടെ വിലപ്പെട്ട സമയം 1. . 2. പിന്നെ ശ്രദ്ധചെലുത്താൻ പറ്റുന്ന സമയം. നമ്മുടെ സ്വകാര്യത 3. . ഇതൊക്കെ പലപ്പോഴും നമ്മൾ ചെറിയ ഒരു സന്തോഷത്തിന് വേണ്ടി കളഞ്ഞേക്കാം.,"നമ്മുടെ വിലപ്പെട്ട സമയം1. , നമ്മുടെ സ്വകാര്യത 3. , ഇതൊക്കെ പലപ്പോഴും നമ്മൾ ചെറിയ ഒരു സന്തോഷത്തിന് വേണ്ടി കളഞ്ഞേക്കാം."
ഈ വൻകിട കമ്പനികൾ നമുക്ക് ഇങ്ങനെയൊരു ഉൽപ്പനം 1. വെറുതെ തരണമെങ്കിൽ 2. ഇതിന്റെ ഉൽപ്പനം നമ്മളാണ്.,ഈ വൻകിട കമ്പനികൾ നമുക്ക് ഇങ്ങനെയൊരു ഉൽപ്പനം 1. സൗജന്യമായി  തരണമെങ്കിൽ 2. വാസ്തവത്തിൽ  ഇതിന്റെ ഉൽപ്പനം നമ്മളാണ്.
പരസ്യക്കമ്പനികൾക്ക് നമ്മൾ എന്തു ചെയ്യുന്നു എന്ന വിവരം കൊടുത്ത് കൃത്യമായ പരസ്യം നമ്മളിലേക്കെത്തിക്കാൻ ഇവയ്ക്ക് കഴിയുന്നുണ്ട്.,നമ്മൾ എന്താണ് ചെയ്യുന്നതെന്ന വിവരം പരസ്യക്കമ്പനികൾക്ക് കൊടുത്തു കൃത്യമായ പരസ്യം നമ്മളിലേക്കെത്തിക്കാൻ ഇവയ്ക്ക് കഴിയുന്നുണ്ട്
പിന്നെ 1. ഒരേ പരസ്യം വീണ്ടും വീണ്ടും കാണിച്ച് നമ്മുക്ക് ആവശ്യമില്ലാത്ത ഒരു സാധനം ആവശ്യം ഉള്ളതാണെന്ന് തോന്നിപ്പിച്ച് നമ്മളെ കൊണ്ട് 2. വെറുതെ ഒരു ഉൽപ്പനം വാങ്ങിപ്പിക്കുവാൻ അവയ്ക്ക് കഴിയുന്നുണ്ട്.,"പിന്നെ 1. ,  ഒരേ പരസ്യം വീണ്ടും വീണ്ടും കാണിച്ച് നമ്മുക്ക് ആവശ്യമില്ലാത്ത ഒരു സാധനം ആവശ്യം ഉള്ളതാണെന്ന് തോന്നിപ്പിച്ച് നമ്മളെ കൊണ്ട് 2. അത് വാങ്ങിപ്പിക്കുവാൻ അവയ്ക്ക് കഴിയുന്നുണ്ട്."
കൂടാതെ 1. ഇൻഫ്ലുവൻസേർസ് എന്ന പേരിൽ ഈ മാധ്യമങ്ങളിൽ ജനപ്രീതി ലഭിച്ച 2. ചില 3. ആൾക്കാർ ചില 4. പ്രത്യേകം പരസ്യങ്ങൾ കൊടുക്കും.,"കൂടാതെ 1., ഇൻഫ്ലുവൻസേർസ് എന്ന പേരിൽ ഈ മാധ്യമങ്ങളിൽ ജനപ്രീതി ലഭിച്ച  3. ആളുകൾക്ക് ചില 5. പ്രത്യേക പരസ്യങ്ങൾ കൊടുക്കും."
ഇവർക്കുള്ള ജനപ്രീതി കാരണം ആൾക്കാർ ഇവരെ വിശ്വസിച്ച് വാങ്ങും,ഇവർക്കുള്ള ജനപ്രീതി കാരണം ആൾക്കാർ ഇവരെ വിശ്വസിച്ച് ഉൽപന്നങ്ങൾ വാങ്ങും
എന്നാൽ പലപ്പോഴും ഇത് ഒരു ചതിയിലേക്കാണ് അവരെ എത്തിക്കുന്നത്.,"എന്നാൽ, പലപ്പോഴും ഇത് ഒരു ചതിയിലേക്കാണ് അവരെ എത്തിക്കുന്നത്."
ബെറ്റിങ് ആപ്പ് കാരണം ജീവനൊടുക്കിയ ഒരുപാട് 1. വാർത്തകൾ നമ്മൾ കാണുന്നുണ്ട്.,ബെറ്റിങ് ആപ്പ് കാരണം ജീവനൊടുക്കിയ ഒരുപാട് 1. ആളുകളുടെ  വാർത്തകൾ നമ്മൾ കാണുന്നുണ്ട്.
ആരാണ് ഇവയെ പരസ്യം ചെയ്യുന്നത് ?,ആരാണ് ഇവ പരസ്യം ചെയ്യുന്നത് ?
ഈ പറഞ്ഞ ഇൻഫ്ലുവൻസർസ്.,ഈ പറഞ്ഞ ഇൻഫ്ലുവൻസേർസ്.
എല്ലാവരേയും പറ്റി ഇല്ല ഈ പറയുന്നത്.,എല്ലാവരേയും പറ്റി അല്ല ഈ പറയുന്നത്.
ചില ചെറുകിട ഇൻഫ്ലുവൻസേർസ് പണത്തിനു വേണ്ടി എന്തും പരസ്യം കൊടുക്കും.,ചില ചെറുകിട ഇൻഫ്ലുവൻസേർസ് പണത്തിനു വേണ്ടി എന്ത് പരസ്യവും ചെയ്യും .
ഈ 1. സാമൂഹ്യമാധ്യമങ്ങളിൽ അവരെ കണ്ട് ഇഷ്ടപ്പെട്ട് ആരാധിക്കുന്നവർ കരുതുന്നത് ഈ പറഞ്ഞവർ ഇതൊക്കെ സ്വന്തം കൂട്ടുകാരന് അല്ലെങ്കിൽ അനിയൻ/ അനിയത്തിക്ക് പറഞ്ഞുകൊടുക്കുന്നത് പോലെ 2. പറയുന്നതാണെന്ന്.,ഈ 1. സമൂഹമാധ്യമങ്ങളിൽ അവരെ കണ്ട് ഇഷ്ടപ്പെട്ട് ആരാധിക്കുന്നവർ കരുതുന്നത് ഈ പറഞ്ഞവർ ഇതൊക്കെ സ്വന്തം കൂട്ടുകാരന് അല്ലെങ്കിൽ അനിയൻ/ അനിയത്തിക്ക് പറഞ്ഞുകൊടുക്കുന്നത് പോലെ 2. ആണെന്നാണ് .
അവർക്കറിയില്ലല്ലോ ഇതിന്റെ പന്നിലെ ചതി.,അവർക്കറിയില്ലല്ലോ ഇതിന്റെ പിന്നിലെ ചതി.
എത്രയോ പേർ ഇങ്ങനെ ഈ തരം ആപ്പുകൾ ഉപയോഗിച്ച് ആപ്പിലായി.,എത്രയോ പേർ ഇങ്ങനെ ഇത്തരം ആപ്പുകൾ ഉപയോഗിച്ച് ആപ്പിലായി.
ചിലർക്ക് ജീവൻ നഷ്ടപ്പട്ടു.,ചിലർക്ക് ജീവൻ നഷ്ടപ്പെട്ടു.
പരസ്യങ്ങൾ മാത്രമല്ല ആളുകളെ സ്വാദീനിക്കുന്നത്.,പരസ്യങ്ങൾ മാത്രമല്ല ആളുകളെ സ്വാധീനിക്കുന്നത്.
ഈ ഇൻഫ്ലുവൻസർസ് കാണിക്കുന്നത് കണ്ടിട്ടാണ് കുട്ടികൾ ഇന്ന് വളരുന്നത്.,ഈ ഇൻഫ്ലുവൻസേർസ് കാണിക്കുന്നത് കണ്ടിട്ടാണ് കുട്ടികൾ ഇന്ന് വളരുന്നത്.
ഇപ്പോൾ കാണുന്നില്ലെ പല പ്രമുഖ 1. സാമൂഹ്യമാധ്യമങ്ങളിലും തെറിവിളിയും അശ്ലീല വർത്തമാനങ്ങളും എന്തോ മികച്ച 2. ഒന്ന് എന്ന പോലെയാണ്.,ഇപ്പോൾ കാണുന്നില്ലെ പല പ്രമുഖ 1. സമൂഹമാധ്യമങ്ങളിൽ തെറിവിളിയും അശ്ലീല വർത്തമാനങ്ങളും എന്തോ മികച്ച 2. കാര്യം പോലെയാണ് പറയുന്നത് .
എത്രയോ ഗെയിം സ്ട്രീമർമാർ തെറിവിളിയും അലീല ആംഗ്യങ്ങളും കൊണ്ട് പ്രമുഖരായവരാണ്.,എത്രയോ ഗെയിം സ്ട്രീമർമാർ തെറിവിളിയും അശ്‌ളീല ആംഗ്യങ്ങളും കൊണ്ട് പ്രമുഖരായവരാണ്.
കുട്ടികൾ ആകട്ടെ ഇവരെ ആരാധിച്ച് ഇവരെപ്പോലെ ആകാൻ ശ്രമിക്കുന്നു.,കുട്ടികളാകട്ടെ ഇവരെ ആരാധിച്ച് ഇവരെപ്പോലെ ആകാൻ ശ്രമിക്കുന്നു
ഇതിൽ പലതും സ്ത്രീവിരുദ്ധവും ജാതീയവും ആയ വാക്കുകളും മറ്റുള്ളവർക്ക് ഒരു ബഹുമാനവും കല്പിക്കാത്ത സ്വഭാവം പ്രചോദിപ്പിക്കുന്നതും ആണ്.,ഇതിൽ പലതും സ്ത്രീവിരുദ്ധവും ജാതിവിരുദ്ധവുമായ വാക്കുകളും മറ്റുള്ളവർക്ക് ഒരു ബഹുമാനവും കല്പിക്കാത്ത സ്വഭാവം പ്രചോദിപ്പിക്കുന്നതും ആണ്.
ഇതൊക്കെ കണ്ടിട്ടാണോ പുതുതലമുറ വളരണ്ടത്?,ഇതൊക്കെ കണ്ടിട്ടാണോ പുതുതലമുറ വളരേണ്ടത്?
ഇനി ഇതിലൊന്നും ഇല്ല എങ്കിലും ഇവ നമുക്ക് ഉണ്ടാക്കുന്ന അടുത്തൊരു പ്രശ്നം ആണ് നമ്മുടെ ശ്രദ്ധചെലുത്താൻ പറ്റുന്ന സമയം കുറക്കുന്നത്.,നി ഇതിലൊന്നും ഇല്ല എങ്കിലും ഇവ നമുക്ക് ഉണ്ടാക്കുന്ന അടുത്തൊരു പ്രശ്നം  നമുക്ക് ശ്രദ്ധ കേന്ദ്രീകരിക്കാൻ കഴിയുന്ന സമയം കുറയ്ക്കുന്നു എന്നതാണ്.  
സാമൂഹ്യമാധ്യമങ്ങളിലെ പല വീഡിയോകളുടെയും ഉള്ളടക്കം ഇപ്പൊ ചെറുതായി ചെറുതായി വരികയാണ്.,സമൂഹമാധ്യമങ്ങളിലെ പല വീഡിയോകളുടെയും ഉള്ളടക്കം ഇപ്പൊ ചെറുതായി ചെറുതായി വരികയാണ്.
അതിനനുസരിച്ച് നമ്മുടെ അറ്റെൻഷൻ സ്പാൻ അധവാ നമ്മുക്ക് എന്തെങ്കിലും ഒരു കാര്യത്തിൽ ശ്രദ്ധ കൊടുക്കാൻ പറ്റുന്ന സമയം കുറഞ്ഞുവരികയാണ്.  ,അതിനനുസരിച്ച് നമ്മുടെ അറ്റെൻഷൻ സ്പാൻ അഥവാ നമ്മുക്ക് എന്തെങ്കിലും ഒരു കാര്യത്തിൽ ശ്രദ്ധ കൊടുക്കാൻ പറ്റുന്ന സമയം കുറഞ്ഞുവരികയാണ്.  
പണ്ട് നീളമുള്ള വിഡിയോകൾ സുഖമായി കണ്ടിരുന്ന നമ്മൾ ഇപ്പോൾ റീൽ കാലഘട്ടത്തിൽ എത്തുമ്പോൾ 30 സെക്കന്റ്  നീളമുള്ള റീൽ പോലും ഓടിച്ചു വായിച്ചു കാണുകയാണ്  ,പണ്ട് നീളമുള്ള വിഡിയോകൾ സുഖമായി കണ്ടിരുന്ന നമ്മൾ ഇപ്പോൾ റീൽ കാലഘട്ടത്തിൽ എത്തുമ്പോൾ 30 സെക്കന്റ്  നീളമുള്ള റീൽ പോലും ഓടിച്ചു കാണുകയാണ്.
മറ്റൊരു പ്രശ്നം ഇവ ആൾക്കാരിൽ ഉണ്ടാക്കുന്ന അമത പ്രതീക്ഷകളും സ്വന്തം കഴിവിനെ കുറച്ചുകാണുതുമാണ്.,മറ്റൊരു പ്രശ്നം ഇവ ആൾക്കാരിൽ ഉണ്ടാക്കുന്ന അമിത പ്രതീക്ഷകളും സ്വന്തം കഴിവിനെ കുറച്ചുകാണുതുമാണ്.
1. ഒരു മോഡലിനെ കണ്ടോ എന്ത് ഭംഗിയാ 2. .',1.ആ മോഡലിനെ കണ്ടോ എന്ത് ഭംഗിയാ 2. ! '
അല്ലെങ്കിൽ 'അയാളുടെ കഴിവ് നോക്ക് ' എന്നൊക്കെ പറഞ്ഞ്.,അല്ലെങ്കിൽ 'അയാളുടെ കഴിവ് നോക്ക് ' 
"ഓ നിനക്ക് ഒരു കഴിവും ഇല്ലല്ലേ ' , അതോ 'നിനക്ക് കൂട്ടിന് ആരുമില്ലെടാ ' എന്നൊക്കെ ഉള്ള കമന്റുകളും മറ്റും കണ്ട് മനസ്സുനൊന്ത് മാനസിക പ്രശ്നങ്ങൾ വരെ ആളുകൾക്ക് വരാം.","ഓ നിനക്ക് ഒരു കഴിവും ഇല്ലല്ലേ ' , അതോ 'നിനക്ക് കൂട്ടിന് ആരുമില്ലേടാ  ' എന്നൊക്കെ ഉള്ള കമന്റുകളും മറ്റും കണ്ട് മനസ്സുനൊന്ത് മാനസിക പ്രശ്നങ്ങൾ വരെ ആളുകൾക്ക് വരാം."
കുട്ടികളിൽ പോലും പല പ്രശ്നങ്ങൾ ഇതു കാരണം ഉണ്ടാകുന്നുണ്ട്,കുട്ടികളിൽ പോലും പല പ്രശ്നങ്ങൾ ഇതു കാരണം ഉണ്ടാകുന്നുണ്ട്.
അഡോളസൻസ് 'എന്ന ഒരു ടിവി സീരീസ് ഇതിന പറ്റി പ്രതിപാദിക്കുന്നുണ്ട്.,അഡോളസൻസ് 'എന്ന ഒരു ടിവി സീരീസ് ഇതിനെ പറ്റി പ്രതിപാദിക്കുന്നുണ്ട്.
1. ഇത്രയൊക്കെ കുറ്റം പറഞ്ഞാലും 2.  സാമൂഹ്യമാധ്യമങ്ങൾ ഉണ്ടാക്കുന്ന നന്മയും നമ്മൾ മറക്കാൻ പാടില്ല.,1. എത്രയൊക്കെ കുറ്റം പറഞ്ഞാലും 2. സമൂഹമാധ്യമങ്ങൾ ഉണ്ടാക്കുന്ന നന്മയും നമ്മൾ മറക്കാൻ പാടില്ല.
ഇന്ന് ആർക്ക് വേണമെങ്കിലും സമൂഹത്തിൽ ഒരു മാറ്റം സൃഷ്ടക്കാം.,ഇന്ന് ആർക്ക് വേണമെങ്കിലും സമൂഹത്തിൽ ഒരു മാറ്റം സൃഷ്ടിക്കാം.
വെറുമൊരു മൊബൈൽ ഫോൺ കൊണ്ട്,വെറുമൊരു മൊബൈൽ ഫോൺ കൊണ്ട്.
നമ്മുടെ സമൂഹത്തിൽ നടക്കുന്ന പല അനീതികളും കൊള്ളരുതായ്മകളും പുറത്തുകൊണ്ടു വരാൻ ഇന്ന് സാമൂഹമാധ്യമങ്ങൾക്ക് 2. ആയിട്ടുണ്ട്.,നമ്മുടെ സമൂഹത്തിൽ നടക്കുന്ന പല അനീതികളും കൊള്ളരുതായ്മകളും പുറത്തുകൊണ്ടു വരാൻ ഇന്ന് 1. സമൂഹമാധ്യമങ്ങൾക്ക് 2. കഴിയുന്നുണ്ട് .
എത്രയോ വാർത്തകൾ ആദ്യം നമ്മൾ ഇതിലൂടെ അറിയുന്നു.,എത്രയോ വാർത്തകൾ നമ്മൾ ആദ്യം ഇതിലൂടെ അറിയുന്നു.
പല പ്രതിഷേധങ്ങളും തുടങ്ങുന്നത് ട്വിട്ടറും ഇൻസ്റ്റഗ്രാമും പോലത്തെ മാധ്യമങ്ങളിലൂടെയാണ്.,പല പ്രതിഷേധങ്ങളും തുടങ്ങുന്നത് ട്വിട്ടറും ഇൻസ്റ്റഗ്രാമും പോലെയുള്ള മാധ്യമങ്ങളിലൂടെയാണ്.
ഇത് കൂടാതെ ഒട്ടനേകം നല്ല ക്രിയാത്മകമായ പ്രവത്തികൾക്കും ഇവ കാരണമായിട്ടുണ്ട്.,ഇത് കൂടാതെ ഒട്ടനേകം നല്ല ക്രിയാത്മകമായ പ്രവൃത്തികൾക്കും ഇവ കാരണമായിട്ടുണ്ട്.
മാത്രമല്ല എത്രയോ മികച്ച കലാകാരന്മാർക്ക് നല്ല ഒരു വേദികൂടെയാണ് സാമൂഹ്യമാധ്യമങ്ങൾ.,മാത്രമല്ല എത്രയോ മികച്ച കലാകാരന്മാർക്ക് നല്ല ഒരു വേദികൂടെയാണ് സമൂഹമാധ്യമങ്ങൾ .
"എത്ര എത്ര പാട്ടുകാർ, ചിത്രകാരന്മാർ, ഫോട്ടോഗ്രാഫർ, അതുപോലെ പല നല്ല കലാകാരന്മാരേയും നമുക്ക് ഇതിൽ കാണാം.","എത്ര എത്ര പാട്ടുകാർ, ചിത്രകാരന്മാർ, ഫോട്ടോഗ്രാഫർമാർ, അതുപോലെ പല നല്ല കലാകാരന്മാരേയും നമുക്ക് ഇതിൽ കാണാം."
"പിന്നെ എന്തെങ്കിലും ഒരു സാധനം വാങ്ങാൻ 1. നോക്കാൻ നമുക്ക് ആദ്യം പോയി അഭിപ്രായം 2. ചോദിക്കാം, ആളുകളുടെ അഭിപ്രായം കാണാം , ഇതിൽ സത്യവും കള്ളവും ഉണ്ടാവാം.","പിന്നെ എന്തെങ്കിലും ഒരു സാധനം വാങ്ങാൻ നമുക്ക് ആദ്യം പോയി അഭിപ്രായം 2. നോക്കാം , ആളുകളുടെ അഭിപ്രായം കാണാം , ഇതിൽ സത്യവും കള്ളവും ഉണ്ടാവാം."
അത് തിരിച്ചറിയേണ്ടത് നമ്മടെ ജോലിയാണ്.,അത് തിരിച്ചറിയേണ്ടത് നമ്മുടെ ജോലിയാണ്.
എന്തിനെയും പോലെ 1. സാമൂഹ്യമാധ്യമങ്ങൾക്കും നല്ലതും 2. ദേഷവുമുണ്ട്,എന്തിനെയും പോലെ 1. സമൂഹമാധ്യമങ്ങൾക്കും നല്ലതും 2. ചീത്തയുമുണ്ട്
അതിന്റെ നന്മയെ മാത്രമെടുത്ത് 1. ദോഷത്തെ കളയുകയാണ് നമ്മൾ 2. വേണ്ടത്.,അതിന്റെ നന്മയെ മാത്രമെടുത്ത് 1. തിന്മയെ കളയുകയാണ് നമ്മൾ 2. ചെയ്യണ്ടത് .
ശരിയായ രീതിയിൽ ഉപയോഗിക്കുകയാണെങ്കിൽ വളരെയധികം ഉപയോഗം തരുന്ന ഒന്നാണ് ഇവ.,ശരിയായ രീതിയിൽ ഉപയോഗിക്കുകയാണെങ്കിൽ വളരെയധികം ഉപയോഗം തരുന്ന ഒന്നാണ് ഇത്.
എന്തിരുന്നാലും ഇവയുടെ ദോഷത്തിൽ പെട്ടിരിക്കാതിരിക്കുവാൻ നമ്മൾ ശ്രമിക്കണം.,എന്തിരുന്നാലും ഇവയുടെ ദോഷത്തിൽ പെടാതിരിക്കുവാൻ നമ്മൾ ശ്രമിക്കണം.
ഇവയെ ക്രിയാത്മകതയുടെയും നല്ല വാഗ്വദങ്ങളുടെയും സമൂഹത്തിന്റെ മാറ്റത്തിന് കാരണമാക്കുന്ന ചലനങ്ങളുടേയും ഇടമാക്കി മാറ്റാൻ നമുക്ക് സാധിക്കട്ടെ.,ഇവയെ ക്രിയാത്മകതയുടെയും നല്ല വാഗ്വാദങ്ങളുടെയും സമൂഹത്തിന്റെ മാറ്റത്തിന് കാരണമാക്കുന്ന ചലനങ്ങളുടേയും ഇടമാക്കി മാറ്റാൻ നമുക്ക് സാധിക്കട്ടെ.
,
ജീവിതത്തിൽ ആദ്യമായിട്ടു മാറിതാമസിക്കാനും പുതിയതായി കിട്ടിയ ജോലിക്കും വേണ്ടി വീട് വിട്ട് പോകുന്ന ദിവസം ആദ്യമൊക്കെ വലിയ സന്തോഷമായിരുന്നു.,ജീവിതത്തിൽ ആദ്യമായിട്ടു മാറിതാമസിക്കാനും പുതിയതായി കിട്ടിയ ജോലിക്കും വേണ്ടി വീട് വിട്ട് പോകുന്ന ദിവസം വലിയ സന്തോഷമായിരുന്നു.
പിന്നീട് വീട്ടുകാരെയും കൂട്ടുകാരെയും അമ്മയെയും ഒക്കെ വേർപിരയേണ്ടി വരുമല്ലോ എന്നൊരു ദുഃഖം കൂടി ഉണ്ട്.,പിന്നീട് വീട്ടുകാരെയും കൂട്ടുകാരെയും അമ്മയെയും ഒക്കെ വേർപിരിയേണ്ടി വരുമല്ലോ എന്നൊരു ദുഃഖം കൂടി ഉണ്ട്.
എന്തിരുന്നാലും സങ്കടം ഒന്നും പുറത്തു കാണിക്കാതെ വലിയത് എന്തോ നേടാൻ പോകുന്ന സന്തോഷം പുറത്ത് കാട്ടിക്കൊണ്ട് ഒരു ചെറു പുഞ്ചിരിയോടെയാണ് ആ ദിവസം എഴുന്നേൽക്കുന്നത്.,എന്തിരുന്നാലും സങ്കടം ഒന്നും പുറത്തു കാണിക്കാതെ വലുത് എന്തോ നേടാൻ പോകുന്ന സന്തോഷം പുറത്ത് കാട്ടിക്കൊണ്ട് ഒരു ചെറു പുഞ്ചിരിയോടെയാണ് ആ ദിവസം എഴുന്നേൽക്കുന്നത്.
ബാഗ് എല്ലാം കത്തിനിറച്ച് ഇരുപത്തിരണ്ട് കിലോ തുണിയും മറ്റ് സാധനങ്ങളും എടുത്ത് ഇറങ്ങി.,ബാഗ് എല്ലാം കുത്തിനിറച്ച് ഇരുപത്തിരണ്ട് കിലോ തുണിയും മറ്റ് സാധനങ്ങളും എടുത്ത് ഇറങ്ങി.
ഉറ്റ ബന്ധുക്കൾ അവസാനമായിട്ട് കാണാൻ എന്ന പോലെ രാവിലെ തന്നെ എത്തിയിരുന്നു,ഉറ്റ ബന്ധുക്കൾ അവസാനമായിട്ട് കാണാൻ എന്ന പോലെ രാവിലെ തന്നെ എത്തിയിരുന്നു.
അവർക്കും ചെറിയ വിഷമം കാണും,അവർക്കും ചെറിയ വിഷമം കാണും.
മുറ്റത്ത് അപ്പുവും കിങ്ങിണിയും കുഞ്ഞങ്ങളും എല്ലാം ഉണ്ട്.,മുറ്റത്ത് അപ്പുവും കിങ്ങിണിയും കുഞ്ഞുങ്ങളും എല്ലാം ഉണ്ട്.
വീട്ടിൽ ഏറ്റവും കൂടുതൽ പിരിയാൻ ദുഃഖം ഉള്ളത് അമ്മ കഴിഞ്ഞൽ പിന്നെ ഈ പൂച്ചകളാണ്.,വീട്ടിൽ ഏറ്റവും കൂടുതൽ പിരിയാൻ ദുഃഖം ഉള്ളത് അമ്മ കഴിഞ്ഞാൽ പിന്നെ ഈ പൂച്ചകളാണ്.
വീട്ടിലുണ്ടായിരുന്നപ്പോഴൊക്കെ ബോർ അടിക്കാതെ അവറ്കളോടു കൂടെ സമയം ചിലവഴിക്കാൻ വലിയ ഇഷ്ടം ആയിരുന്നു.,വീട്ടിലുണ്ടായിരുന്നപ്പോഴൊക്കെ ബോർ അടിക്കാതെ അവറ്റകളോടു കൂടെ സമയം ചിലവഴിക്കാൻ വലിയ ഇഷ്ടം ആയിരുന്നു
ഇനി സമയം കൊല്ലാൻ പുതിയ എന്തെങ്കിലും വഴി കണ്ടുപിടിക്കണം.,ഇനി സമയം കളയാൻ  പുതിയ എന്തെങ്കിലും വഴി കണ്ടുപിടിക്കണം.
അങ്ങനെ പെട്ടി എല്ലാം തകി ഇറങ്ങിയപ്പോൾ പത്തു മണി ആയി.,അങ്ങനെ പെട്ടി എല്ലാം തൂക്കി  ഇറങ്ങിയപ്പോൾ പത്തു മണി ആയി.
ഉച്ചയ്ക്കാണ് വിമാനം ഉള്ളത്.,ഉച്ചയ്ക്കാണ് വിമാനം.
അതുകൊണ്ട് പത്രണ്ട് മണിക്കു മുമ്പേ വിമാനത്താവളത്തിൽ എത്തണം,അതുകൊണ്ട് പത്രണ്ട് മണിക്കു മുമ്പേ വിമാനത്താവളത്തിൽ എത്തണം.
രാവിലെ വിശപ്പ് ഉണ്ടായില്ല,രാവിലെ വിശപ്പ് ഉണ്ടായില്ല.
അതുകൊണ്ട് വഴിയരികിൽ കാറു നിർത്തി 1.  ഒരു കരിക്കു വാങ്ങി തന്നു എന്റെ 2. അച്ചൻ.,അതുകൊണ്ട് വഴിയരികിൽ കാറു നിർത്തി അച്ഛൻ എനിക്ക് ഒരു കരിക്കു വാങ്ങി തന്നു.
അമ്മയുടെ മഖത്ത് നല്ല സങ്കടം ഇല്ലാതില്ല.,അമ്മയുടെ മുഖത്ത് നല്ല സങ്കടം ഇല്ലാതില്ല.
പക്ഷെ എന്നിക്കന്തോ നല്ല സങ്കടം വന്നു.,പക്ഷെ എനിക്കെന്തോ നല്ല സങ്കടം വന്നു.
ഞാൻ ആരും കാണാതെ കണ്ണനീർ തുടച്ചു.,ഞാൻ ആരും കാണാതെ കണ്ണുനീർ തുടച്ചു.
പിന്നെ പതയെ പുറത്തോട്ടു നോക്കി ഇരുന്നു.,പിന്നെ പതിയെ പുറത്തോട്ടു നോക്കി ഇരുന്നു.
പതിനൊന്ന് അര മണി ആയപ്പോൾ വിമാന താവളത്തിൽ എത്തി.,പതിനൊന്നര മണി ആയപ്പോൾ വിമാന താവളത്തിൽ എത്തി.
അച്ചൻ വണ്ടി ഒതുക്കി തിരിച്ച് വരും വരെ അമ്മ എന്റെ കൂടെ നിന്നു.,അച്ഛൻ വണ്ടി ഒതുക്കി തിരിച്ച് വരും വരെ അമ്മ എന്റെ കൂടെ നിന്നു.
എനിക്കും വിഷമം 1.  അമ്മയ്ക്കും വിഷമം.,"എനിക്കും വിഷമം 1. , അമ്മയ്ക്കും വിഷമം."
അമ്മ സ്ഥിരം ഉപദശങ്ങൾ ആവർത്തിക്കാൻ തുടങ്ങി.,അമ്മ സ്ഥിരം ഉപദേശങ്ങൾ ആവർത്തിക്കാൻ തുടങ്ങി.
"നല്ലതു പോലെ ഭക്ഷണം കഴിക്കണം 1.സമയത്ത് ഉറങ്ങണം, മരുന്നൊക്കെ മുടങ്ങാതെ കഴിക്കണം.","നല്ലതു പോലെ ഭക്ഷണം കഴിക്കണം 1., സമയത്ത് ഉറങ്ങണം, മരുന്നൊക്കെ മുടങ്ങാതെ കഴിക്കണം."
വരുമ്പോൾ ചെറിയ പണി  ഉണ്ടായിരുന്നു.,വരുമ്പോൾ ചെറിയ പനി ഉണ്ടായിരുന്നു.
അങ്ങനെ കുറച്ചു കഴിഞ്ഞപ്പോൾ അച്ചൻ പെട്ടിയുമായി തിരികെയെത്തി.,അങ്ങനെ കുറച്ചു കഴിഞ്ഞപ്പോൾ അച്ഛൻ  പെട്ടിയുമായി തിരികെയെത്തി.
അച്നും വിഷമമുണ്ട്.,അച്ഛനും വിഷമമുണ്ട്.
എന്നാലും മുഖത്ത് കാണിച്ചില്ല,എന്നാലും മുഖത്ത് കാണിച്ചില്ല.
പിന്നെ അച്ന്റെ വക ഒരു പത്ത് മിനിറ്റ് ഉപദേശം.,പിന്നെ അച്ഛന്റെ വക ഒരു പത്ത് മിനിറ്റ് ഉപദേശം.
ഈ ഉപദേശം നേരിട്ട് അടുത്തെങ്ങും കേൾക്കണ്ടല്ലോ എന്ന് വിചാരിച്ച് ഞാൻ മിണ്ടാതെ എല്ലാം കേട്ടുകൊണ്ട് ഇരുന്നു,ഈ ഉപദേശം നേരിട്ട് അടുത്തെങ്ങും കേൾക്കണ്ടല്ലോ എന്ന് വിചാരിച്ച് ഞാൻ മിണ്ടാതെ എല്ലാം കേട്ടുകൊണ്ട് ഇരുന്നു.
കുറച്ചു നേരം കഴിഞ്ഞപ്പോൾ അവരോട് യാത്ര പറഞ്ഞ് ഞാൻ താവളത്തിന്റെ ഉള്ളിലേക്ക് പ്രവേശിച്ചു,കുറച്ചു നേരം കഴിഞ്ഞപ്പോൾ അവരോട് യാത്ര പറഞ്ഞ് ഞാൻ താവളത്തിന്റെ ഉള്ളിലേക്ക് പ്രവേശിച്ചു.
ഇത് എന്റെ രണ്ടാമത്തെ വിമാനയാത്ര ആയിരുന്നു,ഇത് എന്റെ രണ്ടാമത്തെ വിമാനയാത്ര ആയിരുന്നു.
പരിചയസമ്പന് ആയ യുവതിയെ പോലെ ഞാൻ നടന്നു.,പരിചയസമ്പന്ന ആയ യുവതിയെ പോലെ ഞാൻ നടന്നു.
പെട്ടിക്കു നല്ല ഭാരം ഉള്ളത് കൊണ്ട് ട്രോളി ഉപയോഗിച്ചു,പെട്ടിക്കു നല്ല ഭാരം ഉള്ളത് കൊണ്ട് ട്രോളി ഉപയോഗിച്ചു.
പെട്ടിയുടെ ഭാരം അളക്കുന്ന കണ്ടർ എത്തിയപ്പോൾ ഭാരം ഇരുപത്തി രണ്ട് കിലോ.,പെട്ടിയുടെ ഭാരം അളക്കുന്ന കൌണ്ടർ എത്തിയപ്പോൾ ഭാരം ഇരുപത്തി രണ്ട് കിലോ.
അതുകൊണ്ടു തന്നെ അധികം പൈസ ആയി മൂവായിരം രൂപ കൊടുക്കേണ്ടി വന്നു,അതുകൊണ്ടു തന്നെ അധികം പൈസ ആയി മൂവായിരം രൂപ കൊടുക്കേണ്ടി വന്നു.
ചെലവിനായി തന്ന പൈസയിൽ മൂവായിരം രൂപ കുറഞ്ഞു അങ്ങനെ.,ചെലവിനായി തന്ന പൈസയിൽ മൂവായിരം രൂപ അങ്ങനെ കുറഞ്ഞു .
പിന്നെ അവിടന്നു ഗേറ്റിന്റെ അടുത്തേക്കു പ്രവേശിച്ചു,പിന്നെ അവിടന്നു ഗേറ്റിന്റെ അടുത്തേക്കു പ്രവേശിച്ചു.
വിശപ്പുണ്ട്,വിശപ്പുണ്ട്.
സാധാരണ വിമാനത്താവളത്തിൽ കാർഡ് ഉപയോഗിച്ച് വിഭവ സമദ്ധമായ ഭക്ഷണം കഴിക്കാനുള്ള സൗകര്യം ഉണ്ടെന്നു കേട്ടിട്ടുണ്ട്.,സാധാരണ വിമാനത്താവളത്തിൽ കാർഡ് ഉപയോഗിച്ച് വിഭവ സമൃദ്ധമായ ഭക്ഷണം കഴിക്കാനുള്ള സൗകര്യം ഉണ്ടെന്നു കേട്ടിട്ടുണ്ട്.
എന്നൽ എന്റെ കാർഡ് അവിടെ എടുക്കില്ല എന്ന് പറഞ്ഞു.,എന്നാൽ എന്റെ കാർഡ് അവിടെ എടുക്കില്ല എന്ന് പറഞ്ഞു.
ശുഭം,ശുഭം.
അകത്ത് മറ്റു കടകളിൽ ആണെങ്കിൽ ഭക്ഷണത്തിന് നല്ല പണം ആകും,അകത്ത് മറ്റു കടകളിൽ ആണെങ്കിൽ ഭക്ഷണത്തിന് നല്ല പണം ആകും.
അതു കൊണ്ട് വാങ്ങണ്ട എന്ന് വിചാരിച്ച് ഞാൻ കുറേ നേരം വെറുതെ ഇരുന്നു,അതു കൊണ്ട് വാങ്ങണ്ട എന്ന് വിചാരിച്ച് ഞാൻ കുറേ നേരം വെറുതെ ഇരുന്നു.
"കേറാൻ ഒരു പത്ത് മിനിട്ട് മുന്നെയാണ് എന്തെങ്കിലും ഇപ്പോൾ കഴിച്ചില്ലെങ്കിൽ പിന്നെ നല്ല വിശപ്പ് തോന്നും എന്ന് തോന്നിയത്, അതുകൊണ്ട് വേഗം ഒരു കട്ലറ്റും കഫിയും പറഞ്ഞു.","കേറാൻ ഒരു പത്ത് മിനിട്ട് മുന്നെയാണ് എന്തെങ്കിലും ഇപ്പോൾ കഴിച്ചില്ലെങ്കിൽ പിന്നെ നല്ല വിശപ്പ് തോന്നും എന്ന് തോന്നിയത്, അതുകൊണ്ട് വേഗം ഒരു കട്ലറ്റും കോഫിയും പറഞ്ഞു."
കട്ലറ്റും കഴിച്ചു,കട്ലറ്റും കഴിച്ചു.
എന്നാൽ കോഫി നല്ല ചൂടായത് കൊണ്ട് മുഴുവൻ കുടിക്കാൻ കഴിഞ്ഞില്ല.,എന്നാൽ കോഫിക്ക്  നല്ല ചൂടായത് കൊണ്ട് മുഴുവൻ കുടിക്കാൻ കഴിഞ്ഞില്ല.
എന്നിട്ട് വിമാനം കേറാൻ പോയി,എന്നിട്ട് വിമാനം കേറാൻ പോയി.
എന്റെ സീറ്റ് മധ്യേ ഉള്ളത് ആയിരുന്നു.,എന്റെ സീറ്റ് മദ്ധ്യേ  ഉള്ളത് ആയിരുന്നു.
വിമാനത്തിൽ കഴിഞ്ഞ തവണ ആദ്യമായി കേറിയപ്പോൾ ചെവി അടപ്പിക്കുന്ന വേദന ആയിരുന്നു.,വിമാനത്തിൽ കഴിഞ്ഞ തവണ കേറിയപ്പോൾ ചെവി അടപ്പിക്കുന്ന വേദന ആയിരുന്നു.
അതുകൊണ്ടു തന്നെ ഇത്തവണ ആ വേദന കുറയ്ക്കാനായി എന്തെങ്കിലും കഴിച്ചു കൊണ്ട് ഇരുന്നാൽ മതിയെന്ന് വായിച്ചിട്ടുണ്ട്.,ആ വേദന കുറയ്ക്കാനായി എന്തെങ്കിലും കഴിച്ചു കൊണ്ട് ഇരുന്നാൽ മതിയെന്ന് വായിച്ചിട്ടുണ്ട്.
അതുകൊണ്ടു എന്റെ കയ്യിലിരുന്ന ചൂയിഗം ഞാൻ എടുത്ത് വായിലിട്ട് ചവച്ച് കൊണ്ടിരുന്നു.,അതുകൊണ്ടു എന്റെ കയ്യിലിരുന്ന ചൂയിംഗം ഞാൻ എടുത്ത് വായിലിട്ട് ചവച്ച് കൊണ്ടിരുന്നു.
എന്റെ അടുത്ത് ഒരു ആന്റി ആയിരുന്നു ഇരുന്നത്,എന്റെ അടുത്ത് ഒരു ആന്റി ആയിരുന്നു ഇരുന്നത്.
അവർ പുറത്ത് നോക്കി ജനലിനോട് ചേർന്ന് ഇരുന്നത് കണ്ട് എനിക്ക് പുറത്തുള്ള കാഴ്ചകൾ ഒന്നും കാണാൻ കഴിഞ്ഞില്ല.,അവർ പുറത്ത് നോക്കി ജനലിനോട് ചേർന്ന് ഇരുന്നത് കൊണ്ട് എനിക്ക് പുറത്തുള്ള കാഴ്ചകൾ ഒന്നും കാണാൻ കഴിഞ്ഞില്ല.
ദുഃഖം ചെറുതായിട്ടുണ്ടായി,ദുഃഖം ചെറുതായിട്ടുണ്ടായി.
എന്നാലും കാര്യമാക്കിയില്ല,എന്നാലും കാര്യമാക്കിയില്ല.
കുറചൊന്ന് മയങ്ങി.,കുറച്ചൊന്ന് മയങ്ങി.
രണ്ടു മണിക്കൂർ എടുത്തു വിമനം മുംബൈയിൽ എത്താൻ.,രണ്ടു മണിക്കൂർ എടുത്തു വിമാനം മുംബൈയിൽ എത്താൻ.
അവിടന്ന് വിമനം ഇറങ്ങി പെട്ടി എടുക്കാൻ നടന്നു.,അവിടന്ന് വിമാനം ഇറങ്ങി പെട്ടി എടുക്കാൻ നടന്നു.
കുറച്ചു നേരം അവിടെ കാത്തു നിന്നപ്പോൾ പെട്ടി പതിയെ അടുത്തോട്ടു വരുന്നതു കണ്ടു.,കുറച്ച് നേരം അവിടെ കാത്തു നിന്നപ്പോൾ പെട്ടി പതിയെ അടുത്തോട്ടു വരുന്നതു കണ്ടു
പെട്ടി നഷ്ടപ്പെട്ടില്ല.,പെട്ടി നഷ്ടപ്പെട്ടില്ല.
ഒടുവിൽ പെട്ടിയും തൂക്കി പുറത്തേക്ക് ഇറങ്ങി.,ഒടുവിൽ പെട്ടിയും തൂക്കി പുറത്തേക്ക് ഇറങ്ങി.
എങ്ങോട്ടു പോകണം എന്ന് നിശ്ചയം ഇല്ല.,എങ്ങോട്ട് പോകണം എന്ന് നിശ്ചയം ഇല്ല.
പുറത്തിറങ്ങി ടാക്സി വിളിച്ച് സ്ഥലത്ത് എത്തണം എന്ന മാത്രം അറിയാം.,പുറത്തിറങ്ങി ടാക്സി വിളിച്ച് സ്ഥലത്ത് എത്തണം എന്നു മാത്രം അറിയാം.
അങ്ങനെ പുറത്തേക്ക് നടന്നു,അങ്ങനെ പുറത്തേക്ക് നടന്നു.
പണ്ടു മുതലേ പരിചയം ഇല്ലാത്തവരോട് സംസാരിക്കാൻ മടി ആയത് കൊണ്ട് ആരോടും ചോദിക്കാതെ ഒരു നിമിഷം ചുറ്റും നോക്കികൊണ്ട് വെറുതെ നിന്നു.,പണ്ട് മുതലേ പരിചയം ഇല്ലാത്തവരോട് സംസാരിക്കാൻ മടി ആയത് കൊണ്ട് ആരോടും ചോദിക്കാതെ ഒരു നിമിഷം ചുറ്റും നോക്കികൊണ്ട് വെറുതെ നിന്നു.
നല്ല തിരക്കുണ്ട്,നല്ല തിരക്കുണ്ട്.
നോക്കിയപ്പോൾ പെട്ടി നീക്കികൊണ്ട് കുറെ ആളുകൾ പോകുന്നു. ,നോക്കിയപ്പോൾ കുറെ ആളുകൾ പെട്ടി നീക്കികൊണ്ട് പോകുന്നു.
എന്നാൽ പിന്നെ അവരുടെ പറകെ പോകാം എന്നു വിചാരിച്ച്  നടന്നു. ,എന്നാൽ പിന്നെ അവരുടെ പിറകെ പോകാം എന്നു വിചാരിച്ച്  നടന്നു. 
അത് ആളുകൾ വഹനങ്ങൾ പാർക്ക് ചെയ്യുന്ന സ്ഥലം ആയിരുന്നു. ,അത് ആളുകൾ വാഹനങ്ങൾ പാർക്ക് ചെയ്യുന്ന സ്ഥലം ആയിരുന്നു. 
ആ വഴി പുറത്തേക്ക് കടക്കാം എന്ന് വിചാരിച്ച് പകുതി വഴി ആയപ്പോൾ 1. ആ വഴിക്ക് മുകളിലോട്ട് ഒരു ചരിവ്.,"ആ വഴി പുറത്തേക്ക് കടക്കാം എന്ന് വിചാരിച്ച് പകുതി വഴി ആയപ്പോൾ 1. , ആ വഴിക്ക് മുകളിലോട്ട് ഒരു ചരിവ്."
അങ്ങനെ എന്റെ ഭാരിച്ച 1. പൊട്ടി നീക്കി കൊണ്ട് ഞാൻ ആ 2. തേരി മുഴുവൻ നടന്നു കയറി. ,അങ്ങനെ എന്റെ ഭാരിച്ച പെട്ടി നീക്കി കൊണ്ട് ഞാൻ ആ  വഴി  മുഴുവൻ നടന്നു കയറി. 
അത് കഴിഞ്ഞ് വീണ്ടും കുറച്ചു ദൂരം കൂടി നടക്കാൻ ഉണ്ടായിരുന്നു. ,അത് കഴിഞ്ഞ് വീണ്ടും കുറച്ച് ദൂരം കൂടി നടക്കാൻ ഉണ്ടായിരുന്നു. 
അങ്ങനെ ആ ദൂരവും നടന്നു കയറി അവസാനം റോഡരികിൽ എത്തി,അങ്ങനെ ആ ദൂരവും നടന്നു കയറി അവസാനം റോഡരികിൽ എത്തി. 
അവിടെ നിന്ന് ഒരു ടാക്സി വിളിച്ച് ഞാൻ താമസിക്കാൻ പോകുന്ന സ്ഥലത്ത് എത്തി,അവിടെ നിന്ന് ഒരു ടാക്സി വിളിച്ച് ഞാൻ താമസിക്കാൻ പോകുന്ന സ്ഥലത്ത് എത്തി.
എന്നെ കത്ത് ഇവിടെ എന്റെയൊരു സുഹൃത്ത് വന്നു.,എന്നെ കാത്ത് ഇവിടെ എന്റെയൊരു സുഹൃത്ത് വന്നു.
അങ്ങനെ ഞങ്ങൾ ഒരുമിച്ച് ഭക്ഷണം കഴിക്കൻ കയറി.,അങ്ങനെ ഞങ്ങൾ ഒരുമിച്ച് ഭക്ഷണം കഴിക്കാൻ കയറി.
ഒരു മസാല ദോശ പറഞ്ഞു ഞങ്ങൾ രണ്ടു പേർക്കും.,ഞങ്ങൾ രണ്ടു പേർക്കും ഒരു മസാല ദോശ പറഞ്ഞു.
അതിനുശേഷം ഞാൻ താമസിക്കാൻ പോകുന്ന സ്ഥലം കാണിക്കാൻ ബ്രോക്കർ വന്നു,അതിനുശേഷം ഞാൻ താമസിക്കാൻ പോകുന്ന സ്ഥലം കാണിക്കാൻ ബ്രോക്കർ വന്നു. 
ആറാമത്തെ നിലയിലാണ് റൂം ഉള്ളത്.,ആറാമത്തെ നിലയിലാണ് റൂം .
അവിടുത്തെ ലിഫ്റ്റ് നല്ല പഴയ ലിഫ്റ്റ് ആയിരുന്നു.,അവിടുത്തെ നല്ല പഴയ ലിഫ്റ്റ് ആയിരുന്നു.
റൂം അത്യാവശ്യം നല്ലത തന്നെ ആയിരുന്നു.,റൂം അത്യാവശ്യം നല്ലതു തന്നെ ആയിരുന്നു.
എന്റെ പെട്ടി എല്ലാം അവിടെ ഒതുക്കി വെച്ച ഞാൻ അവിടെ കുറച്ചു നേരം കിടന്നു.,എന്റെ പെട്ടി എല്ലാം അവിടെ ഒതുക്കി വെച്ച് ഞാൻ അവിടെ കുറച്ചു നേരം കിടന്നു.
നല്ല ക്ഷീണം ഉണ്ടായിരുന്നു,നല്ല ക്ഷീണം ഉണ്ടായിരുന്നു.
കുളി ഒക്കെ കഴിഞ്ഞ് ഞാൻ സ്ഥലം കാണൻ പുറത്തേക്ക് ഇറങ്ങി.,കുളി ഒക്കെ കഴിഞ്ഞ് ഞാൻ സ്ഥലം കാണാൻ പുറത്തേക്ക് ഇറങ്ങി.
ഒപ്പം സുഹൃത്തും ഉണ്ടായിരുന്നു,ഒപ്പം സുഹൃത്തും ഉണ്ടായിരുന്നു.
ഞങ്ങൾ പുറത്ത് കുറച്ച് ദൂരം നടന്നു,ഞങ്ങൾ പുറത്ത് കുറച്ച് ദൂരം നടന്നു.
അവൻ അവിടെയുള്ള പ്രധനപ്പെട്ട കടകളും വഴികളും എല്ലാം പറഞ്ഞുതന്നു. ,അവൻ അവിടെയുള്ള പ്രധാനപ്പെട്ട കടകളും വഴികളും എല്ലാം പറഞ്ഞുതന്നു. 
നല്ല ഒച്ചയും ബഹളവും നിറഞ്ഞ ഒരു നഗരം,നല്ല ഒച്ചയും ബഹളവും നിറഞ്ഞ ഒരു നഗരം.
ഒരു മിനിറ്റ് പോലും 1. എന്തിന് 2. ഒരു സെക്കന്റ് പോലും 3.  വാഹനം ഇല്ലാതെ റോഡ് കാണാൻ ആവില്ല.,"ഒരു മിനിറ്റ് പോലും 1. , എന്തിന് 2. , ഒരു സെക്കന്റ് പോലും 3. , വാഹനം ഇല്ലാതെ റോഡ് കാണാൻ ആവില്ല."
ഞാൻ തിരിച്ചെത്തി വീട്ടിലേക്ക് വിളിച്ചു ,ഞാൻ തിരിച്ചെത്തി വീട്ടിലേക്ക് വിളിച്ചു. 
സുരക്ഷിതമായി എത്തി എന്നറിഞ്ഞപ്പോൾ അവൾക്ക് സമാധാനമായി.,സുരക്ഷിതമായി എത്തി എന്നറിഞ്ഞപ്പോൾ അവർക്ക്  സമാധാനമായി.
നല്ല ക്ഷീണം ആയത കൊണ്ട് നേരത്തേ കിടക്കാം എന്ന് കരുതി.,നല്ല ക്ഷീണം ആയതു കൊണ്ട് നേരത്തേ കിടക്കാം എന്ന് കരുതി.
ഇവിടത്തെ എന്റെ ആദ്യത്തെ ദിവസം മറക്കാൻ കഴിയാത്തത് ആയിരുന്നു. ,ഇവിടത്തെ എന്റെ ആദ്യ ദിവസം മറക്കാൻ കഴിയാത്തത് ആയിരുന്നു. 
,
ഭാരതീയ ഇതിഹാസപുരാണങ്ങളിൽ മഹാഭാരതത്തോളം ശ്രേഷ്ഠമയ ഒരു ഗ്രന്ഥം ഇല്ലെന്നു തന്നെ പറയാം. ,ഭാരതീയ ഇതിഹാസപുരാണങ്ങളിൽ മഹാഭാരതത്തോളം ശ്രേഷ്ഠമായ ഒരു ഗ്രന്ഥം ഇല്ലെന്നു തന്നെ പറയാം. 
"ഋഗ്വേദം, സാമവേദം, യജുർവേദം, അഥർവവേദം എന്നിവയ്ക്കുശേഷം  അഞ്ചാമതൊരു വേദം ഏതെന്നു ചോദിച്ചാൽ രണ്ടാമതൊന്നു ചിന്തിക്കാതെ നമ്മുക്ക് പറയാം - മഹാഭരതം. ","ഋഗ്വേദം, സാമവേദം, യജുർവേദം, അഥർവവേദം എന്നിവയ്ക്കുശേഷം  അഞ്ചാമതൊരു വേദം ഏതെന്നു ചോദിച്ചാൽ രണ്ടാമതൊന്നു ചിന്തിക്കാതെ നമ്മുക്ക് പറയാം - മഹാഭാരതം. "
ഭഗവാൻ വേദവ്യസ മഹർഷിയാൽ വിരചിതമായ മഹാഭാരതം ഒരു ഗുണപാഠ കഥ എന്ന രീതിയിൽ പരക്കെ പ്രചരിക്കപ്പെട്ട് കാണുന്നുണ്ട്.,ഭഗവാൻ വേദവ്യാസ മഹർഷിയാൽ വിരചിതമായ മഹാഭാരതം ഒരു ഗുണപാഠ കഥ എന്ന രീതിയിൽ പരക്കെ പ്രചരിക്കപ്പെട്ട് കാണുന്നുണ്ട്.
ഇത് തികച്ചും സങ്കുചിത ബുദ്ധിയോടുകൂടിയ നിർവചനമെന്ന കാണാൻ കഴിയുകയുള്ളൂ. ,ഇത് തികച്ചും സങ്കുചിത ബുദ്ധിയോടുകൂടിയ നിർവചനമെന്നെ കാണാൻ കഴിയുകയുള്ളൂ. 
വ്യക്തിജീവിതത്തെയും അതിലുപരി സാമൂഹികജീവിതത്തെയും കലർപ്പില്ലാതെ വരച്ചുകാട്ടുന്ന മഹാഭാരതം ഈ രണ്ടു തലങ്ങളിലും ശ്രയസ്സും പ്രേയസ്സും ഉണ്ടാകുവാനുള്ള മാർഗ്ഗങ്ങളും വരച്ചുകാട്ടുന്നു.,വ്യക്തിജീവിതത്തെയും അതിലുപരി സാമൂഹികജീവിതത്തെയും കലർപ്പില്ലാതെ വരച്ചുകാട്ടുന്ന മഹാഭാരതം ഈ രണ്ടു തലങ്ങളിലും ശ്രേയസ്സും പ്രേയസ്സും ഉണ്ടാകുവാനുള്ള മാർഗ്ഗങ്ങളും വരച്ചുകാട്ടുന്നു.
"""ഇതിലുള്ളതൊക്കെ ലോകത്ത് പലയിടത്തും കാണാൻ കഴിയും എന്നാൽ ഇതിലില്ലാത്തത് നിനക്ക് എങ്ങും കാണാൻ കഴിയില്ല"" - മഹാഭാരതത്തെപ്പറ്റിയുള്ള വ്യസമഹർഷിയുടെ വാക്കുകളാണിവ. ","""ഇതിലുള്ളതൊക്കെ ലോകത്ത് പലയിടത്തും കാണാൻ കഴിയും എന്നാൽ ഇതിലില്ലാത്തത് നിനക്ക് എങ്ങും കാണാൻ കഴിയില്ല"" - മഹാഭാരതത്തെപ്പറ്റിയുള്ള വ്യാസമഹർഷിയുടെ വാക്കുകളാണിവ. "
ഒരു ലക്ഷത്തിൽ പരം വരികളുള്ള മഹാഭാരതം ലോകത്തിലെ ഏറ്റവും ബഹത്തായ ഇതിഹാസകാവ്യമാണ്.,ഒരു ലക്ഷത്തിൽ പരം വരികളുള്ള മഹാഭാരതം ലോകത്തിലെ ഏറ്റവും ബൃഹത്തായ ഇതിഹാസകാവ്യമാണ്.
"പല പർവങ്ങളായി തിരിച്ചിട്ടുള്ള മഹാഭാരതം പാണ്ഡവരുടെയും കൗരവരുടെയും അധികാരദാഹത്തിന്റെ കഥ പറയുന്നുയെന്നതിലുപരി പുരുഷാർഥ- ചതുഷ്ടയത്തെ - ധർമം, അർത്ഥം, കാമം, മോക്ഷം - എന്നിവയെ നമുക്ക് പരിചയപ്പെടുത്തുന്നു.","പല പർവ്വങ്ങളായി   തിരിച്ചിട്ടുള്ള മഹാഭാരതം പാണ്ഡവരുടെയും കൗരവരുടെയും അധികാരദാഹത്തിന്റെ കഥ പറയുന്നുയെന്നതിലുപരി പുരുഷാർഥ- ചതുഷ്ടയത്തെ - ധർമം, അർത്ഥം, കാമം, മോക്ഷം - എന്നിവയെ നമുക്ക് പരിചയപ്പെടുത്തുന്നു."
മഹാഭാരതത്തെപ്പറ്റി പറയുമ്പോൾ ശ്രീമദ് ഭഗവത്ഗീതയെ വിസ്മരിക്കുക അസാധ്യം തന്നെ.,മഹാഭാരതത്തെപ്പറ്റി പറയുമ്പോൾ ശ്രീമദ് ഭഗവദ്ഗീതയെ വിസ്മരിക്കുക അസാധ്യം തന്നെ.
മഹാഭാരതത്തിന്റെ ആത്മാവ് ഗീതയിൽ അന്തർലീനമായിരിക്കുന്നു,മഹാഭാരതത്തിന്റെ ആത്മാവ് ഗീതയിൽ അന്തർലീനമായിരിക്കുന്നു.
പല 1. പർവങ്ങളായി തിരിച്ച മഹാഭാരതത്തിലെ 2.  ഭീഷ്മപർവത്തിൽ പതിനെട്ട് അധ്യായങ്ങളാണ് ഗീതയുള്ളത്.,പല 1. പർവ്വങ്ങളായി തിരിച്ച മഹാഭാരതത്തിലെ 2.  ഭീഷ്മപർവ്വത്തിലെ പതിനെട്ട് അധ്യായങ്ങളാണ് ഗീതയുള്ളത്.
ഭഗവാനൽ ഗാനം ചെയ്യപ്പെട്ടതാകയാൽ അത് ഭഗവദ്ഗീതയായി.,ഭഗവാനാൽ ഗാനം ചെയ്യപ്പെട്ടതാകയാൽ അത് ഭഗവദ്ഗീതയായി.
കുരുക്ഷത്രയുദ്ധമാരംഭിക്കുന്നകാലഘട്ടത്തിൽ അർജ്ജുനന് താൻ ആരോടൊക്കെയാണ് യുദ്ധം ചെയ്യേണ്ടതെന്ന് കാണാൻ ആഗ്രഹമുണ്ടാകുന്നു. ,കുരുക്ഷേത്രയുദ്ധമാരംഭിക്കുന്നകാലഘട്ടത്തിൽ അർജ്ജുനന് താൻ ആരോടൊക്കെയാണ് യുദ്ധം ചെയ്യേണ്ടതെന്ന് കാണാൻ ആഗ്രഹമുണ്ടാകുന്നു. 
അപ്പോൾ തേരാളിയായ ശ്രീകൃഷ്ണൻ ഇരു സേനകളുടെയും നടുക്കായി തേർ നിർത്തുന്നു. ,അപ്പോൾ തേരാളിയായ ശ്രീകൃഷ്ണൻ ഇരു സേനകളുടെയും നടുക്കായി തേര് നിർത്തുന്നു. 
"തന്റെ എതിരാളികളുടെ കൂട്ടത്തിൽ ഗുരുക്കന്മാരെയും, പിതാമഹന്മാരെയും, ബന്ധുജനങ്ങളെയുമൊക്കെ കണ്ട അർജ്ജുനൻ മാനസികസംഘർഷത്തലാഴ്ന്നുകൊണ്ട് യുദ്ധത്തിൽനിന്നു പിന്തിരിയാനൊരുങ്ങി.","തന്റെ എതിരാളികളുടെ കൂട്ടത്തിൽ ഗുരുക്കന്മാരെയും, പിതാമഹന്മാരെയും, ബന്ധുജനങ്ങളെയുമൊക്കെ കണ്ട അർജ്ജുനൻ മാനസികസംഘർഷത്തിലാഴ്ന്നുകൊണ്ട് യുദ്ധത്തിൽനിന്നു പിന്തിരിയാനൊരുങ്ങി."
ധർമമേതെന്നറിയാതെ കുഴങ്ങുന്ന ഈ അർജ്ജുനനെ നമുക്ക് നമ്മുടെയുള്ളിലും പല സാഹചര്യങ്ങളിൽ കാണാൻ കഴിയും. ,ധർമ്മമേതെന്നറിയാതെ കുഴങ്ങുന്ന ഈ അർജ്ജുനനെ നമുക്ക് നമ്മുടെയുള്ളിലും പല സാഹചര്യങ്ങളിൽ കാണാൻ കഴിയും. 
തീരുമാനങ്ങളെടുക്കാൻ കഴിയാതെ പാടേ നമ്മൾ എത്രയോ സാഹചര്യങ്ങളിൽ ബുദ്ധിമുട്ടുന്നു. ,തീരുമാനങ്ങളെടുക്കാൻ കഴിയാതെ നമ്മൾ എത്രയോ സാഹചര്യങ്ങളിൽ ബുദ്ധിമുട്ടുന്നു. 
അതിനാൽ തന്നെ ഏതോ ഒരു കൃഷ്ണൻ ഏതോ ഒരു അർജ്ജുനന് നൽകിയ ചില ഉപദശങ്ങളായി ഗീതയെ കാണാൻ വയ്യ.,അതിനാൽ തന്നെ ഏതോ ഒരു കൃഷ്ണൻ ഏതോ ഒരു അർജ്ജുനന് നൽകിയ ചില ഉപദേശങ്ങളായി ഗീതയെ കാണാൻ വയ്യ.
ഭഗവാൻ ശ്രീകൃഷ്ണൻ ലോകനന്മക്കായി അർജ്ജുനനെ നിമിത്തമാക്കികൊണ്ട് നമുക്ക് നൽകിയ ദർശനമാണ് ഗീത,ഭഗവാൻ ശ്രീകൃഷ്ണൻ ലോകനന്മക്കായി അർജ്ജുനനെ നിമിത്തമാക്കികൊണ്ട് നമുക്ക് നൽകിയ ദർശനമാണ് ഗീത.
"ഗീതയിലെ സാംഖ്യദർശനം മനനം ചെയ്തു പഠിക്കുന്ന ഒരു വ്യക്തിയും ഈ സംസാരസാഗരത്തിൽ കിടന്നു കഷ്ടപെടുകയില്ല, മറിച്ച് ജീവിതത്തെ പരിപൂർണമായി ആസ്വദിച്ച് ഉത്തമവ്യക്തിത്വങ്ങളായിത്തീരും","ഗീതയിലെ സാംഖ്യദർശനം മനനം ചെയ്തു പഠിക്കുന്ന ഒരു വ്യക്തിയും ഈ സംസാരസാഗരത്തിൽ കിടന്നു കഷ്ടപെടുകയില്ല, മറിച്ച് ജീവിതത്തെ പരിപൂർണമായി ആസ്വദിച്ച് ഉത്തമവ്യക്തിത്വങ്ങളായിത്തീരും."
"""എന്താണു ഭഗവാനെ സംസാരദുഃഖങ്ങൾക്കു കാരണം 1. ."" എന്ന അർജ്ജുനന്റെ ചോദ്യത്തിന് ഭഗവാൻ നൽകിയ മറുപടിയിതാണ് - കാമം, ക്രോധം, ലോഭം ഇവ മൂന്നിനേയും ത്യജിക്കുന്നവൻ ദുഃഖങ്ങളിൽനിന്ന് സദാ മുക്തനായിരിക്കും.","""എന്താണു ഭഗവാനെ സംസാരദുഃഖങ്ങൾക്കു കാരണം"" എന്ന അർജ്ജുനന്റെ ചോദ്യത്തിന് ഭഗവാൻ നൽകിയ മറുപടിയിതാണ് - കാമം, ക്രോധം, ലോഭം ഇവ മൂന്നിനേയും ത്യജിക്കുന്നവൻ ദുഃഖങ്ങളിൽനിന്ന് സദാ മുക്തനായിരിക്കും."
"അതുപോലെ തന്നെ കർമ്മാനുഷ്ഠാനത്തെപ്പറ്റിയുള്ള ഭഗവാന്റെ വരികൾ നോക്കൂ - 
""കർമണ്യവാധികാരസ്തേ 
മാ ഫലേഷു കദാചന 
മാ കർമഫല ഹേതുർഭൂര്‍ 
മാ തേ സംഗോസ്ത്വകർമണി"" ","അതുപോലെ തന്നെ കർമ്മാനുഷ്ഠാനത്തെപ്പറ്റിയുള്ള ഭഗവാന്റെ വരികൾ നോക്കൂ - 
""കർമണ്യേവാധികാരസ്തേ 
മാ ഫലേഷു കദാചന 
മാ കർമഫല ഹേതുർഭൂര്‍ 
മാ തേ സംഗോസ്ത്വകർമണി"" "
"ഫലെച് ച്ഛയില്ലാതെ കർമമനുഷ്ടിക്കുന്നതിലൂടെ ചിത്തശുദ്ധിയും അതിലുപരി പരമപുരുഷാർത്ഥമായ മോക്ഷവും നേടാൻ സാധിക്കുമെന്ന് മഹാഭാരതം ഓർമിപ്പിക്കുന്നു. 
","ഫലേച്ഛയില്ലാതെ കർമമനുഷ്ടിക്കുന്നതിലൂടെ ചിത്തശുദ്ധിയും അതിലുപരി പരമപുരുഷാർത്ഥമായ മോക്ഷവും നേടാൻ സാധിക്കുമെന്ന് മഹാഭാരതം ഓർമിപ്പിക്കുന്നു. 
"
,
വായിക്കാനേറെയിഷ്ടപ്പെട്ട് എല്ലാ ആഴ്ചയിലും വായനാശാലയിൽ പോയി പുസ്തകങ്ങൾ എടുത്തു കൊണ്ടു വരുമായിരുന്നെങ്കിലും പുരാണ കഥകൾ വായിക്കാൻ എനിക്ക് ഒരിക്കലും താത്പര്യമുണ്ടായിരുന്നില്ല,വായിക്കാനേറെയിഷ്ടപ്പെട്ട് എല്ലാ ആഴ്ചയിലും വായനാശാലയിൽ പോയി പുസ്തകങ്ങൾ എടുത്തു കൊണ്ടു വരുമായിരുന്നെങ്കിലും പുരാണ കഥകൾ വായിക്കാൻ എനിക്ക് ഒരിക്കലും താത്പര്യമുണ്ടായിരുന്നില്ല.
"പക്ഷെ, വളർന്നു വരുന്നതിനിടയ്ക്ക് അമ്മയും അമ്മമ്മയും പറഞ്ഞു കേട്ട് പല പുരാണ കഥകളും എനിക്ക് അറിയാമയിരുന്നു.","പക്ഷെ, വളർന്നു വരുന്നതിനിടയ്ക്ക് അമ്മയും അമ്മമ്മയും പറഞ്ഞു കേട്ട് പല പുരാണ കഥകളും എനിക്ക് അറിയാമായിരുന്നു."
"എന്നാൽ, ഒരിക്കലും ഈ കഥകൾ എനിക്ക് യുക്തിപരമയി തോന്നിയിട്ടില്ല.","എന്നാൽ, ഒരിക്കലും ഈ കഥകൾ എനിക്ക് യുക്തിപരമായി തോന്നിയിട്ടില്ല."
അമനുഷിക ശക്തികളും കാഴ്ചകളും അവിശ്വസനീയ സന്ദർഭങ്ങളുമൊക്കെ അംഗീകരിക്കാൻ എനിക്ക് പാടായിരുന്നു. ,അമാനുഷിക ശക്തികളും കാഴ്ചകളും അവിശ്വസനീയ സന്ദർഭങ്ങളുമൊക്കെ അംഗീകരിക്കാൻ എനിക്ക് പാടായിരുന്നു. 
"മാത്രമല്ല, നന്മയ്ക്കു വേണ്ടി, 1. ധർമത്തിന് വേണ്ടി  എന്നൊക്കെ പേരു പറഞ്ഞ് ""ദൈവങ്ങൾ"" എന്നു പേരിട്ടു വിളിക്കുന്ന കഥാപാത്രങ്ങൾ പോലും 2.  - ഒരു തരത്തിൽ നോക്കിയാൽ, 3. അധർമവും, അനീതിയുമൊക്കെ ചെയ്യുന്ന പോലെയാണ് എനിക്ക് പലപ്പോഴും പുരാണ കഥകൾ കേൾക്കുമ്പോൾ തോന്നിയിട്ടുള്ളത്. ","മാത്രമല്ല, നന്മയ്ക്കു വേണ്ടി, 1. ധർമ്മത്തിന് വേണ്ടി  എന്നൊക്കെ പേരു പറഞ്ഞ് ""ദൈവങ്ങൾ"" എന്നു പേരിട്ടു വിളിക്കുന്ന കഥാപാത്രങ്ങൾ പോലും 2. ഒരു തരത്തിൽ നോക്കിയാൽ, 3. അധർമ്മവും, അനീതിയുമൊക്കെ ചെയ്യുന്ന പോലെയാണ് എനിക്ക് പലപ്പോഴും പുരാണ കഥകൾ കേൾക്കുമ്പോൾ തോന്നിയിട്ടുള്ളത്. "
ഉദാഹരണത്തിന് - മഹാവിഷ്ണുവിന്റെ വാമനാവതാരം ശരിക്കും എന്തിനായിരുന്നു ,ഉദാഹരണത്തിന് - മഹാവിഷ്ണുവിന്റെ വാമനാവതാരം ശരിക്കും എന്തിനായിരുന്നു ?
"നല്ല പോലെ രാജ്യം ഭരിച്ച്, പ്രജാജനപ്രിയനായ, സമാധാനപ്രിയനായ ഒരു രാജാവിനെ എന്തിനു വേണ്ടിയായിരുന്നു പാതാളത്തിലേക്ക് ചവിട്ടി താഴ്ത്തിയത് ?","നല്ലപോലെ രാജ്യം ഭരിച്ച്, പ്രജാജനപ്രിയനായ, സമാധാനപ്രിയനായ ഒരു രാജാവിനെ എന്തിനു വേണ്ടിയായിരുന്നു പാതാളത്തിലേക്ക് ചവിട്ടി താഴ്ത്തിയത് ?"
"അധ്വാനിച്ച്, കഷ്ടപ്പെട്ട്, സ്വന്തം കഴിവുകൊണ്ട് നേടിയെടുത്ത ചിലതിന്റെ മേൽ ചെറിയ രീതിയിൽ അഭിമാനം കൊള്ളുന്നത് അത്ര വലിയ തെറ്റാണോ ","അധ്വാനിച്ച്, കഷ്ടപ്പെട്ട്, സ്വന്തം കഴിവുകൊണ്ട് നേടിയെടുത്ത ചിലതിന്റെ മേൽ ചെറിയ രീതിയിൽ അഭിമാനം കൊള്ളുന്നത് അത്ര വലിയ തെറ്റാണോ ?"
"മഹാബലിയുടെ നേട്ടങ്ങളും, രാജ്യത്തിന്റെ സമ്പൽസമൃദ്ധിയുമാണോ തെറ്റ് - അതോ, ""ദൈവങ്ങൾ"" എന്ന്  വിളിക്കുന്ന ""അമാനുഷിക""രുടെ അസൂയയാണോ ശരിക്കും തെറ്റ് ?","മഹാബലിയുടെ നേട്ടങ്ങളും, രാജ്യത്തിന്റെ സമ്പദ്‌സമൃദ്ധിയുമാണോ തെറ്റ് - അതോ, ""ദൈവങ്ങൾ"" എന്ന്  വിളിക്കുന്ന ""അമാനുഷിക""രുടെ അസൂയയാണോ ശരിക്കും തെറ്റ് ?"
"അല്ല, അതെല്ലാം പോട്ടെ, എന്തുകൊണ്ടാണ് എല്ലാ കഥകളിലും ദൈവങ്ങൾ വെളുത്തവരും അസുരന്മർ കറുത്ത നിറമുള്ളവരും ആവുന്നത് ?","അല്ല, അതെല്ലാം പോട്ടെ, എന്തുകൊണ്ടാണ് എല്ലാ കഥകളിലും ദൈവങ്ങൾ വെളുത്തവരും അസുരന്മാർ കറുത്ത നിറമുള്ളവരും ആവുന്നത് ?"
"കറുത്ത നിറമുള്ള, ശരീര വലുപ്പമുള്ള ആളുകളെ രാക്ഷസന്മാരെന്ന് മുദ്രകുത്തുന്നതും വെളുത്തു മെലിഞ്ഞ ശരീരമുള്ളവരെ ദൈവങ്ങളെന്ന് വാഴ്ത്തിപ്പാടുന്നതും വംശവെറിയല്ലേ ","കറുത്ത നിറമുള്ള, ശരീര വലുപ്പമുള്ള ആളുകളെ രാക്ഷസന്മാരെന്ന് മുദ്രകുത്തുന്നതും വെളുത്തു മെലിഞ്ഞ ശരീരമുള്ളവരെ ദൈവങ്ങളെന്ന് വാഴ്ത്തിപ്പാടുന്നതും വംശവെറിയല്ലേ? "
"പരമശിവൻ കറുത്തിട്ടാണ് - പക്ഷെ, ശൂദ്രന്മാരുടെ ദേവൻ എന്നും ഒരു വിളിപ്പരുണ്ട് ശിവന്. ","പരമശിവൻ കറുത്തിട്ടാണ് - പക്ഷെ, ശൂദ്രന്മാരുടെ ദേവൻ എന്നും ഒരു വിളിപ്പേരുണ്ട് ശിവന്. "
"ഒന്നു നോക്കിയാൽ, ഈ പുരാണങ്ങളും ഐതിഹ്യങ്ങളുമെല്ലാം ജാതിവ്യവസ്ഥയെ അടിച്ചേൽപ്പിക്കാൻ വേണ്ടി ""ഉയർന്ന"" ജാതിക്കാർ കെട്ടിച്ചമച്ച കഥകളാണെന്ന് തോന്നിപോവില്ലേ ?","ഒന്നു നോക്കിയാൽ, ഈ പുരാണങ്ങളും ഐതീഹ്യങ്ങളുമെല്ലാം ജാതിവ്യവസ്ഥയെ അടിച്ചേൽപ്പിക്കാൻ വേണ്ടി ""ഉയർന്ന"" ജാതിക്കാർ കെട്ടിച്ചമച്ച കഥകളാണെന്ന് തോന്നിപോവില്ലേ ?"
ഇനി വേറൊരു കഥ പറയാം 1. - രാമായണം എല്ലാവർക്കും അറിയാവുന്ന ഒരു കഥയാണെന്ന് പ്രതീക്ഷിക്കുന്നു.,ഇനി വേറൊരു കഥ പറയാം 1.. രാമായണം എല്ലാവർക്കും അറിയാവുന്ന ഒരു കഥയാണെന്ന് പ്രതീക്ഷിക്കുന്നു.
"""സീത"" എന്ന കഥാപാത്രത്തെ നമ്മൾ ദേവിയായണ് കാണുന്നത്. ","""സീത"" എന്ന കഥാപാത്രത്തെ നമ്മൾ ദേവിയായാണ് കാണുന്നത്. "
"പക്ഷെ, കഥയിലെ ഏറ്റവും അശക്തയായ കഥാപാത്രവും സീത തന്നെയല്ലേ ","പക്ഷെ, കഥയിലെ ഏറ്റവും അശക്തയായ കഥാപാത്രവും സീത തന്നെയല്ലേ ?"
"സ്വന്തം വിവാഹത്തിൽ പോലും സീതയ്ക്ക് സ്വന്തമായ ഒരു അഭിപ്രായമുണ്ടായിട്ടുണ്ടോ - ചടങ്ങിന് ""സ്വയംവരം"" എന്ന് പേരിട്ടിട്ടു പോലും ","സ്വന്തം വിവാഹത്തിൽ പോലും സീതയ്ക്ക് സ്വന്തമായ ഒരു അഭിപ്രായമുണ്ടായിട്ടുണ്ടോ - ചടങ്ങിന് ""സ്വയംവരം"" എന്ന് പേരിട്ടിട്ടു പോലും ? "
മത്സരമെന്തെന്ന് മുന്നേ നിർണ്യിച്ചതായിരുന്നു.,മത്സരമെന്തെന്ന് മുന്നേ നിർണ്ണയിച്ചതായിരുന്നു.
ജയിക്കുന്ന ആളെ വിവാഹം ചെയ്യണം,ജയിക്കുന്ന ആളെ വിവാഹം ചെയ്യണം.
ശക്തി പരീക്ഷിക്കുന്ന മത്സരമാണ്,ശക്തി പരീക്ഷിക്കുന്ന മത്സരമാണ്.
"ഒരു പക്ഷെ, ആ വില്ലൊടിക്കുന്നത് അതിശക്തനും എന്നാൽ വളരെയതികം സ്വഭാവദൂഷ്യങ്ങളുമുള്ള ഒരു രാജകുമാരനായിരുന്നെങ്കിലോ ? ","ഒരു പക്ഷെ, ആ വില്ലൊടിക്കുന്നത് അതിശക്തനും എന്നാൽ വളരെയധികം സ്വഭാവദൂഷ്യങ്ങളുമുള്ള ഒരു രാജകുമാരനായിരുന്നെങ്കിലോ ? "
അങ്ങനെയോരാളെ വിവാഹം ചെയ്യാൻ തനിക്കാവില്ലെന്നു പറയാൻ സീതയ്ക്ക് നിർവഹമുണ്ടോ ?,അങ്ങനെയോരാളെ വിവാഹം ചെയ്യാൻ തനിക്കാവില്ലെന്നു പറയാൻ സീതയ്ക്ക് നിർവാഹമുണ്ടോ ?
കഥയിലെപ്പോഴും നിസ്ഹായയല്ലേ സീത ? ,കഥയിലെപ്പോഴും നിസ്സഹായയല്ലേ സീത ? 
"ഭർത്താവിന്റെ വാക്കുകൾ അക്ഷരംപ്രതി കേൾക്കുന്ന, മറുത്തൊന്നും പറയാത്ത ""ഉത്മ പതിവ്രത ""","  ഭർത്താവിന്റെ വാക്കുകൾ അക്ഷരംപ്രതി കേൾക്കുന്ന, മറുത്തൊന്നും പറയാത്ത ""ഉത്തമ പതിവ്രത """
സീതയുടെ തെറ്റ് കൊണ്ടാണോ രാവണൻ സീതയെ തട്ടിക്കൊണ്ടു പോയത് ,സീതയുടെ തെറ്റ് കൊണ്ടാണോ രാവണൻ സീതയെ തട്ടിക്കൊണ്ടു പോയത് ? 
സീതയ്ക്ക് അങ്ങനെയൊരു ദുർഗ്ഗതി വന്നത് രാമന്റെ കൂടെ വനവാസത്തിന് പോയത് കൊണ്ട് മാത്രമല്ലെ  ?,സീതയ്ക്ക് അങ്ങനെയൊരു ദുർഗതി വന്നത് രാമന്റെ കൂടെ വനവാസത്തിന് പോയത് കൊണ്ട് മാത്രമല്ലെ  ?
"പോട്ടെ, രാമായണത്തിന്റെ ഒരു പുനരാഖ്യാനത്തിലും രാവണൻ സീതയെ ഉപദ്രവിച്ചതായി പറയുന്നില്ല","പോട്ടെ, രാമായണത്തിന്റെ ഒരു പുനരാഖ്യാനത്തിലും രാവണൻ സീതയെ ഉപദ്രവിച്ചതായി പറയുന്നില്ല. "
"അഥവാ വാസ്തവം അങ്ങനെയാണെന്നു തന്നെയിരിക്കട്ടെ, എന്നാലും രാമൻ സീതയെ ആ ഒരു അവസ്ഥയിൽ ഉപേക്ഷിക്കുന്നത് ശരിയാണോ ","അഥവാ വാസ്തവം അങ്ങനെയാണെന്നു തന്നെയിരിക്കട്ടെ, എന്നാലും രാമൻ സീതയെ ആ ഒരു അവസ്ഥയിൽ ഉപേക്ഷിക്കുന്നത് ശരിയാണോ ?"
"അങ്ങനെയാണോ ഒരു ""മാതൃകാ"" പുരുഷൻ  - അല്ല , ദൈവം - ചെയ്യേണ്ടത് ? ","അങ്ങനെയാണോ ഒരു ""മാതൃക"" പുരുഷൻ  - അല്ല , ദൈവം - ചെയ്യേണ്ടത് ? "
അസുരനും അധകൃതനും ക്രൂരനുമെന്നൊക്കെ വിളിക്കുന്ന രാവണൻ പോലും സ്വന്തം ഭാര്യയ്ക്ക് ഒരു ദുരനുഭവമുണ്ടായപ്പോൾ കൂടെ നിൽക്കുകയാണ് ചെയ്തത് - ആട്ടിപറഞ്ഞയക്കുകയല്ല,അസുരനും അധകൃതനും ക്രൂരനുമെന്നൊക്കെ വിളിക്കുന്ന രാവണൻ പോലും സ്വന്തം ഭാര്യയ്ക്ക് ഒരു ദുരനുഭവമുണ്ടായപ്പോൾ കൂടെ നിൽക്കുകയാണ് ചെയ്തത് - ആട്ടിപറഞ്ഞയക്കുകയല്ല.
അപ്പോൾ ആരാണ് ശരിക്കും മാതൃക,അപ്പോൾ ആരാണ് ശരിക്കും മാതൃക?
"ഒരു തെറ്റും ചെയ്യാത്ത, ഗർഭിണിയായ സ്വന്തം ഭാര്യയെ പെരുവഴിയിലിറക്കി വിട്ട രാമൻ എങ്ങനെയാണ് ദൈവമാകുന്നത്  ","ഒരു തെറ്റും ചെയ്യാത്ത, ഗർഭിണിയായ സ്വന്തം ഭാര്യയെ പെരുവഴിയിലിറക്കി വിട്ട രാമൻ എങ്ങനെയാണ് ദൈവമാകുന്നത് ?"
"വഴിയിലിറക്കി വിടാനായിരുന്നെങ്കിൽ എന്തിനായിരുന്നു ലങ്കയിൽ പോയി രാവണനുമായി യുദ്ധം ചെയ്തത് - ""സീതയെ രക്ഷിക്കാൻ"" എന്നും പറഞ്ഞ്  ","വഴിയിലിറക്കി വിടാനായിരുന്നെങ്കിൽ എന്തിനായിരുന്നു ലങ്കയിൽ പോയി രാവണനുമായി യുദ്ധം ചെയ്തത് - ""സീതയെ രക്ഷിക്കാൻ"" എന്നും പറഞ്ഞ് ? "
ഇതെല്ലാം വെറും പ്രഹസനമായിരുന്നോ,ഇതെല്ലാം വെറും പ്രഹസനമായിരുന്നോ?
"രാമായണത്തിലെ ""സീത"" എന്ന കഥാപാത്രത്തെ സൂക്ഷ്മമയി വിസ്തരിച്ചു പഠിച്ചാൽ ""ഉത്തമ പത്‌നി"" എങ്ങനെ വേണമെന്ന് സ്ത്രീകളെ പഠിപ്പിക്കാൻ പുരുഷന്മാരാൽ രചിക്കപ്പെട്ട ഒരു കൃതി പോലെയില്ലേ?","രാമായണത്തിലെ ""സീത"" എന്ന കഥാപാത്രത്തെ സൂക്ഷ്മമായി വിസ്തരിച്ചു പഠിച്ചാൽ ""ഉത്തമ പത്‌നി"" എങ്ങനെ വേണമെന്ന് സ്ത്രീകളെ പഠിപ്പിക്കാൻ പുരുഷന്മാരാൽ രചിക്കപ്പെട്ട ഒരു കൃതി പോലെയില്ലേ?"
അതിലെവിടെയാണ് മാഹാത്മ്യമുള്ളത് ,അതിലെവിടെയാണ് മാഹാത്മ്യമുള്ളത് ?
"പോട്ടെ, മഹഭാരതമെടുത്താലും ഇങ്ങനെ ഒരുപാടില്ലേ?","പോട്ടെ, മഹാഭാരതമെടുത്താലും ഇങ്ങനെ ഒരുപാടില്ലേ?"
പാഞ്ചലി സ്വയംവരം ചെയ്തത് ഒരാളെ ആയിരുന്നു- അഞ്ചു പേരെയല്ല.,പാഞ്ചാലി സ്വയംവരം ചെയ്തത് ഒരാളെ ആയിരുന്നു- അഞ്ചു പേരെയല്ല.
ചൂതുകളിയിൽ പണയം വയ്ക്കാനുള്ള കരുവായി മാറി പിന്നീടവൾ,ചൂതുകളിയിൽ പണയം വയ്ക്കാനുള്ള കരുവായി മാറി പിന്നീടവൾ. 
ഇതൊക്കെ എങ്ങനെയാണ് യുക്തിപരമായി ചിന്തിക്കുന്ന ഒരു വായനക്കാരന് അംഗീകരിക്കാൻ പറ്റുന്നത് ,ഇതൊക്കെ എങ്ങനെയാണ് യുക്തിപരമായി ചിന്തിക്കുന്ന ഒരു വായനക്കാരന് അംഗീകരിക്കാൻ പറ്റുന്നത് ?
ഞാനിവിടെ നിർത്തുകയാണ് ,ഞാനിവിടെ നിർത്തുകയാണ്. 
ഹിന്ദുമത പുരാണങ്ങളിൽ മാത്രമല്ല ലോകത്തിലുള്ള പ്രശസ്തമായ പല മതങ്ങളുടെയും പുരാണ കഥകൾ വായിച്ചൽ ഇത്തരത്തിലുള്ള ഒട്ടനവധി പ്രമേയങ്ങൾ കാണാം.,ഹിന്ദുമത പുരാണങ്ങളിൽ മാത്രമല്ല ലോകത്തിലുള്ള പ്രശസ്തമായ പല മതങ്ങളുടെയും പുരാണ കഥകൾ വായിച്ചാൽ ഇത്തരത്തിലുള്ള ഒട്ടനവധി പ്രമേയങ്ങൾ കാണാം.
"ഇതിൽ നിന്നെല്ലാം നമുക്ക് മനസ്സിലാക്കാവുന്നത്, ""മഹത്വ""ത്തിലുപരി ശരിയോ തെറ്റോ എന്നിലാതെ ഓരോ കാലഘട്ടത്തിലെയും സമൂഹ്യ വ്യവസ്ഥകൾക്ക് അടിയുറപ്പ് നൽകാൻ ആ കാലത്തെ കഴിവും അധികാരവുമുള്ളവർ അവരെ അനുകൂലിക്കുന്ന ഒരു സമൂഹത്തെ കെട്ടിപ്പടുത്താൻ കെട്ടിച്ചമച്ച കഥകളാണെന്ന് മാത്രമാണ്.","ഇതിൽ നിന്നെല്ലാം നമുക്ക് മനസ്സിലാക്കാവുന്നത്, ""മഹത്വ""ത്തിലുപരി ശരിയോ തെറ്റോ എന്നിലാതെ ഓരോ കാലഘട്ടത്തിലെയും സാമൂഹ്യ വ്യവസ്ഥകൾക്ക് അടിയുറപ്പ് നൽകാൻ ആ കാലത്തെ കഴിവും അധികാരവുമുള്ളവർ അവരെ അനുകൂലിക്കുന്ന ഒരു സമൂഹത്തെ കെട്ടിപ്പടുത്താൻ കെട്ടിച്ചമച്ച കഥകളാണെന്ന് മാത്രമാണ്."
ഇന്നും ഇങ്ങനെയുള്ള കഥകൾക്ക് പ്രസക്തയുണ്ടോ എന്ന് നാമെല്ലാം ചിന്തിക്കേണ്ടിയിരിക്കുന്നു.,ഇന്നും ഇങ്ങനെയുള്ള കഥകൾക്ക് പ്രസക്തിയുണ്ടോ എന്ന് നാമെല്ലാം ചിന്തിക്കേണ്ടിയിരിക്കുന്നു.
ആശയങ്ങളും അഭിപ്രായങ്ങളും എഴുത്തുകാരിയുടേത് മാത്രം ,ആശയങ്ങളും അഭിപ്രായങ്ങളും എഴുത്തുകാരിയുടേത് മാത്രം.  
,
"ഞാൻ ഇന്ന് 15 വർഷം മുൻപത്തെ ഞാനും, ഇന്നത്തെ ഞാനും തമ്മിലുള്ള ഒരു difference എഴുതാൻ താത്പര്യപ്പെടുന്നു.","15 വർഷം മുൻപത്തെ ഞാനും, ഇന്നത്തെ ഞാനും തമ്മിലുള്ള ഒരു difference എഴുതാൻ ഞാൻ ഇന്ന് താത്പര്യപ്പെടുന്നു."
ഞാൻ ഇന്ന് IIT Bombay ഇൽ PhD പഠനം നടത്തിവരുന്നു,ഞാൻ ഇന്ന് IIT Bombay ഇൽ PhD പഠനം നടത്തിവരുന്നു.
15 വർഷം മുൻപ് ഞാൻ ഒരു പത്താം ക്ലാസ് വിദ്യാർഥിനി ആയിരുന്നു.,15 വർഷം മുൻപ് ഞാൻ ഒരു പത്താം ക്ലാസ് വിദ്യാർത്ഥിനി ആയിരുന്നു.
"അന്ന് ഞാൻ ഒരിക്കലും 15 വർഷത്തിന് ശേഷം മുംബൈയിൽ പഠിക്കുമെന്നും, PhD വരെ പഠിക്കുമെന്നോ വിചാരിച്ചു കാണില്ല. ","അന്ന് ഞാൻ ഒരിക്കലും 15 വർഷത്തിന് ശേഷം മുംബൈയിൽ പഠിക്കുമെന്നോ , PhD വരെ പഠിക്കുമെന്നോ വിചാരിച്ചു കാണില്ല. 
"
ഞാൻ സ്കൂൾ കാലങ്ങളിൽ അത്യാവശ്യം നന്നായി കളിച്ചു വളർന്ന ഒരു കുട്ടിയാണ്,ഞാൻ സ്കൂൾ കാലങ്ങളിൽ അത്യാവശ്യം നന്നായി കളിച്ചു വളർന്ന ഒരു കുട്ടിയാണ്. 
സ്കൂളിന് നിന്നോ വീട്ടിൽ നിന്നോ എനിക്ക് പഠിക്കുവാൻ വേണ്ടി അധികം സമ്മദ്ദം ഉണ്ടായിരുന്നില്ല. ,സ്കൂളിന് നിന്നോ വീട്ടിൽ നിന്നോ എനിക്ക് പഠിക്കുവാൻ വേണ്ടി അധികം സമ്മർദ്ദം ഉണ്ടായിരുന്നില്ല.
പണ്ടുതൊട്ടേ എനിക്കൊരു അധ്യാപിക ആകുവാൻ വളരെ അധികം താല്പര്യം ഉണ്ടായിരുന്നു. ,പണ്ടുതൊട്ടേ എനിക്കൊരു അദ്ധ്യാപിക ആകുവാൻ വളരെ അധികം താല്പര്യം ഉണ്ടായിരുന്നു. 
"ആ കാലങ്ങളിൽ സ്കൂൾ 1.  അധ്യാപിക ആകുവാനും, college 2. അധ്യാപിക ആകുവാനും 3. ആയി ആഗ്രഹം ചെറുതായി മാറിവന്നു. ","ആ കാലങ്ങളിൽ സ്കൂൾ 1. അദ്ധ്യാപിക ആകുവാനും, college 2. അദ്ധ്യാപിക ആകുവാനും ഉള്ള ആഗ്രഹം ചെറുതായി മാറിവന്നു. "
"അന്നത്തെ ആഗ്രഹം നോക്കുമ്പോൾ, ഇന്ന് താരതമേന്യ ജോലിയുടെ ഫലം 1. അറിവു പകർത്തികൊടുക്കുക 2. എന്നതൽ ഉപരി വേറെ 3. കാര്യങ്ങളിലേക്കും ആഗ്രഹങ്ങൾ 4. പോകാതില്ല. ","അന്നത്തെ ആഗ്രഹം നോക്കുമ്പോൾ, ഇന്ന് താരതമേന്യ ജോലിയുടെ ഫലം 1.  - അറിവു പകർത്തികൊടുക്കുക 2. എന്നതിൽ ഉപരി വേറെ 3. കാര്യങ്ങളിലേക്ക് ആഗ്രഹങ്ങൾ 4. പോകാറില്ല . "
"ഇവിടെയും, ഇതിനു മുൻപത്തെ പഠനവും കാരണമായേക്കാം","ഇവിടെയും, ഇതിനു മുൻപത്തെ പഠനവും കാരണമായേക്കാം."
"എനിക്കിപ്പോൾ, അധ്യാപനത്തിനു കൂടെ  തന്നെ ഗവേഷണത്തിലും അതിയായ താത്പര്യം ഉറവിട്ടിട്ടുണ്ട്.","എനിക്കിപ്പോൾ, അദ്ധ്യാപനത്തിന് കൂടെ  തന്നെ ഗവേഷണത്തിലും അതിയായ താത്പര്യം ഉറവിട്ടിട്ടുണ്ട്."
"ഗവേഷണങ്ങൾകൊണ്ടും, അതിന്റെ ഫലങ്ങൾകൊണ്ടും , സമൂഹത്തിനുവേണ്ടി എന്തെങ്കിലും കാര്യമായ സംഭാവന ചെയ്യണമെന്ന ആഗ്രഹം തോന്നുന്നു","ഗവേഷണങ്ങൾകൊണ്ടും, അതിന്റെ ഫലങ്ങൾകൊണ്ടും , സമൂഹത്തിനുവേണ്ടി എന്തെങ്കിലും കാര്യമായ സംഭാവന ചെയ്യണമെന്ന ആഗ്രഹം തോന്നുന്നു."
"15 വർഷം മുൻപ് എനിക്ക് ഇങ്ങനെയൊക്കെ ചിന്തിക്കാനോ, ആഗ്രഹിക്കാനോ ഉള്ള ആത്മവിശ്വാസം ഉണ്ടായിക്കാണില്ല  ","15 വർഷം മുൻപ് എനിക്ക് ഇങ്ങനെയൊക്കെ ചിന്തിക്കാനോ, ആഗ്രഹിക്കാനോ ഉള്ള ആത്മവിശ്വാസം ഉണ്ടായിക്കാണില്ല.  "
"കൂടുതൽ ജീവിതാനുഭവങ്ങൾകൊണ്ടും, പഠനാനുഭവങ്ങൾക്കൊണ്ടും ആത്മവിശ്വാസം കൂടിയത് ആവാം","കൂടുതൽ ജീവിതാനുഭവങ്ങൾകൊണ്ടും, പഠനാനുഭവങ്ങൾക്കൊണ്ടും ആത്മവിശ്വാസം കൂടിയത് ആവാം."
"അന്നത്തെ എന്നെ പറ്റി ആലോചിക്കുമ്പോൾ 1. , അന്ന്  ഞാൻ പഠിച്ചു വളർന്ന 2. സാഹചര്യത്തെ പറ്റിയും, എന്റെ അന്നത്തെ മറ്റുള്ളവരോട് ഉണ്ടായിരുന്ന 3. പെരുമാറ്റത്തെ പറ്റിയും  4. , എനിക്ക് 5. അതിൽ 6. വളരേ അഭിമാനമുണ്ട്.","അന്നത്തെ എന്നെ പറ്റി ആലോചിക്കുമ്പോൾ 1. - അന്ന്  ഞാൻ പഠിച്ചു വളർന്ന 2. സാഹചര്യം , എന്റെ അന്നത്തെ മറ്റുള്ളവരോട് ഉണ്ടായിരുന്ന 3. പെരുമാറ്റം 4. - എനിക്ക് 6. വളരെ അഭിമാനമുണ്ട്. "
"അതുപോലെതന്നെ അന്നത്തെ എനിക്ക് ഇന്നത്തെ എന്നെ കണ്ടാലും, അതെ അഭിമാനം തോന്നുമെന്ന് ഞാൻ പ്രതീക്ഷിക്കുന്നു. ","അതുപോലെതന്നെ അന്നത്തെ എനിക്ക് 1. , ഇന്നത്തെ എന്നെ കണ്ടാലും, അതെ അഭിമാനം തോന്നുമെന്ന് ഞാൻ പ്രതീക്ഷിക്കുന്നു. "
ആധുനിക സമൂഹത്തിൽ മനുഷ്യർക്ക് ഒഴിച്ചു കൂടാന്തത്ത ഒന്നാണ് സോഷ്യൽ മീഡിയ .,ആധുനിക സമൂഹത്തിൽ മനുഷ്യർക്ക് ഒഴിച്ചുകൂടാത്ത ഒന്നാണ് സോഷ്യൽ മീഡിയ.
നമ്മുടെ നിത്യ ജീവിതത്തിന്റെ ഒരു ഭാഗമായി സോഷ്യൽ മീഡിയ മാറിയിരിക്കുന്നു. ,നമ്മുടെ നിത്യജീവിതത്തിന്റെ ഒരു ഭാഗമായി സോഷ്യൽ മീഡിയ മാറിയിരിക്കുന്നു. 
"ഇത്തരത്തിലുള്ള സോഷ്യൽ മീഡിയയുടെ മനുഷ്യ ജീവിതത്തിലേക്കുള്ള കടന്നു കയറ്റം ഏതൊക്കെ തരത്തിൽ നമ്മെ ബാധിക്കുന്നു എന്ന് ചോദിച്ചാൽ അതിന് എപ്പോഴും രണ്ടുത്തരം കാണും, നല്ലത്, അല്ലെങ്കിൽ മോശം. ","ഇത്തരത്തിലുള്ള സോഷ്യൽ മീഡിയയുടെ മനുഷ്യ ജീവിതത്തിലേക്കുള്ള കടന്നുകയറ്റം ഏതൊക്കെ തരത്തിൽ നമ്മെ ബാധിക്കുന്നു എന്ന് ചോദിച്ചാൽ അതിന് എപ്പോഴും രണ്ടുത്തരം കാണും - നല്ലത്, അല്ലെങ്കിൽ മോശം. "
"എന്റെ ഓർമ്മ ശരിയാണെങ്കിൽ 2013 മുതൽക്കാണ് സ്മാർട്ഫോണുകൾ കൂടതൽ പ്രചാരത്തിലേക്ക് വന്നത്, അവിടം മുതൽ തന്നെയാണ് സോഷ്യൽ മീഡിയയുടെ മനുഷ്യജീവിതത്തിലേക്കുള്ള കടന്നു കയറ്റം തുടങ്ങിയതെന്നും കരുതാം. ","എന്റെ ഓർമ്മ ശരിയാണെങ്കിൽ 2013 മുതൽക്കാണ് സ്മാർട്ഫോണുകൾ കൂടുതൽ പ്രചാരത്തിലേക്ക് വന്നത്, അവിടം മുതൽ തന്നെയാണ് സോഷ്യൽ മീഡിയയുടെ മനുഷ്യജീവിതത്തിലേക്കുള്ള കടന്നുകയറ്റം തുടങ്ങിയതെന്നും കരുതാം. "
സ്മാർട്ഫോണുകളുടെ കടന്നു വരവാണ് സോഷ്യൽ മീഡിയകളെ കൂടുൽ അറിയപ്പെടാൻ കാരണമായതെന്നും പറയാം. ,സ്മാർട്ഫോണുകളുടെ കടന്നുവരവാണ് സോഷ്യൽ മീഡിയകൾ കൂടുതൽ അറിയപ്പെടാൻ കാരണമായതെന്നും പറയാം. 
എന്തൊക്കെ മറ്റമാണ് സോഷ്യൽ മീഡിയ മാനവികസമൂഹത്തിൽ ഉണ്ടാക്കിയതെന്ന് നോക്കാം.,എന്തൊക്കെ മാറ്റമാണ് സോഷ്യൽ മീഡിയ മാനവികസമൂഹത്തിൽ ഉണ്ടാക്കിയതെന്ന് നോക്കാം.
"മറ്റുള്ളവരുടെ ജീവിതത്തിൽ എത്തിനോക്കൽ, മറ്റുള്ളവരുടെ ജീവതം അനുകരിക്കൽ, പുത്തൻ ട്രെന്റ് ഫോളോ ചെയ്യൽ ഇതൊക്കെ ചെയ്യാൻ നമ്മളെ പഠിപ്പിക്കാൻ ഇതുപോലുള്ള സോഷ്യൽ മീഡിയയ്ക്ക് സാധിച്ചിട്ടുണ്ട്. ","മറ്റുള്ളവരുടെ ജീവിതത്തിൽ എത്തിനോക്കൽ, മറ്റുള്ളവരുടെ ജീവിതം അനുകരിക്കൽ, പുത്തൻ ട്രെന്റ് ഫോളോ ചെയ്യൽ ഇതൊക്കെ ചെയ്യാൻ നമ്മളെ പഠിപ്പിക്കാൻ ഇതുപോലുള്ള സോഷ്യൽ മീഡിയയ്ക്ക് സാധിച്ചിട്ടുണ്ട്. "
"ഒരാൾപുതിയ ഫോട്ടോ പോസ്റ്റ് ചെയ്‌താൽ, അതെന്താണെന്ന് എത്തിനോക്കാൻ എല്ലാവർക്കും ഭയങ്കരതാൽപര്യമാണ്. ","ഒരാൾ പുതിയ ഫോട്ടോ പോസ്റ്റ് ചെയ്‌താൽ, അതെന്താണെന്ന് എത്തിനോക്കാൻ എല്ലാവർക്കും ഭയങ്കര താൽപര്യമാണ്. "
ഒരു കണക്കിന് ഇത്തരത്തിലുള്ള സോഷ്യൽ മീഡിയ പോസ്റ്റുകൾ നമ്മടെ ഇമോഷൻസിനെ വരെ ബാധിക്കും.,ഒരു കണക്കിന് ഇത്തരത്തിലുള്ള സോഷ്യൽ മീഡിയ പോസ്റ്റുകൾ നമ്മുടെ ഇമോഷൻസിനെ വരെ ബാധിക്കും.
സോഷ്യൽ മീഡിയ ലോകത്ത് ഒരുവിധ പെട്ട ആളുകളെല്ലാം ഹാപ്പിയാണ്.,സോഷ്യൽ മീഡിയ ലോകത്ത് ഒരുവിധം ആളുകളെല്ലാം ഹാപ്പിയാണ്.
"പങ്കാളിയുമായുള്ള ചിരിച്ചു കൊണ്ടുള്ള ഫോട്ടോയോ, എന്തെങ്കിലും ഇവെന്റുകൾ സെലിബ്രേറ്റ് ചെയ്യുന്ന ഫോട്ടോയോ, ഏതെങ്കിലും വാഹനങ്ങൾ മേടിക്കുന്നത് അതേപോലെ നല്ല ഫുഡ് കഴിക്കുന്നത്, വ്‌ളോഗിങ്ങ് തുടങ്ങിയ കാര്യങ്ങൾ അതൊന്നും ജീവിതത്തിൽ ചെയ്യാൻ പറ്റാതെ ഇരിക്കുന്ന ആളുകൾ കാണുമ്പോൾ അവരാകെ വിഷമത്തിലാകും.","പങ്കാളിയുമായുള്ള ചിരിച്ചു കൊണ്ടുള്ള ഫോട്ടോ, എന്തെങ്കിലും ഇവന്റുകൾ സെലിബ്രേറ്റ് ചെയ്യുന്ന ഫോട്ടോ, ഏതെങ്കിലും വാഹനങ്ങൾ മേടിക്കുന്നത്, നല്ല ഫുഡ് കഴിക്കുന്നത്, വ്‌ളോഗിങ്ങ് തുടങ്ങിയ കാര്യങ്ങൾ അതൊന്നും ജീവിതത്തിൽ ചെയ്യാൻ പറ്റാതെ ഇരിക്കുന്ന ആളുകൾക്ക് വിഷമമുണ്ടാക്കും."
തന്റെ ജീവിതത്തിൽ ഇതൊന്നും ചെയ്യാൻ പറ്റുന്നില്ലല്ലോ എന്നോർത്ത നമ്മളറിയാതെ നമ്മുടെ ജീവിതത്തിൽ കടന്നുവന്ന് നമ്മളുടെ മാനസികാരോഗ്യം തകർക്കുന്ന ഒരു ഇരുണ്ട വശം സോഷ്യൽ മീഡിയയ്ക്കുണ്ട്.,തന്റെ ജീവിതത്തിൽ ഇതൊന്നും ചെയ്യാൻ പറ്റുന്നില്ലല്ലോ എന്നോർത്ത് നമ്മളറിയാതെ നമ്മുടെ ജീവിതത്തിൽ കടന്നുവന്ന് നമ്മളുടെ മാനസികാരോഗ്യം തകർക്കുന്ന ഒരു ഇരുണ്ട വശം സോഷ്യൽ മീഡിയയ്ക്കുണ്ട്.
"പണം, പ്രശസ്ത്തി ഇതു രണ്ടും ലഭിക്കാൻ വേണ്ടി മനുഷ്യരെ ഏതറ്റം വരെ താഴാനും ഇൻസ്റഗ്രാം റീലുകൾ പരിചയപ്പെടുത്തുന്നുണ്ട്.","പണം, പ്രശസ്തി ഇതു രണ്ടും ലഭിക്കാൻ വേണ്ടി മനുഷ്യരെ ഏതറ്റം വരെ താഴാനും ഇൻസ്റ്റഗ്രാം റീലുകൾ പരിചയപ്പെടുത്തുന്നുണ്ട്."
"എല്ലാവരും ഉപയോഗിക്കുന്നു എന്നാൽ ഞാനും ഉപയോഗിക്കും എന്ന് പറഞ്ഞ് ഈ പ്ലാറ്റ്ഫോം നല്ല രീതിയിൽ ഉപയോഗിക്കാൻ അറിയാതെ പെട്ടുപോയ ""അമ്മാവന്മാർ"" ഒരു വശത്തുംഉണ്ട്.","എല്ലാവരും ഉപയോഗിക്കുന്നു എന്നാൽ ഞാനും ഉപയോഗിക്കും എന്ന് പറഞ്ഞ് ഈ പ്ലാറ്റ്ഫോം നല്ല രീതിയിൽ ഉപയോഗിക്കാൻ അറിയാതെ പെട്ടുപോയ ""അമ്മാവന്മാർ"" ഒരു വശത്തും ഉണ്ട്."
അനുകരണ സ്വഭാവം കുട്ടികളിൽ കൂടുതലാണ്,അനുകരണ സ്വഭാവം കുട്ടികളിൽ കൂടുതലാണ്.
പക്വത ഇല്ലാത്ത ഇത്തരം ഉപയോഗങ്ങൾ കുട്ടികളെ കൂടുൽൽ അപകടത്തിലേക്കെത്തിയ്ക്കുന്നു.,പക്വത ഇല്ലാത്ത ഇത്തരം ഉപയോഗങ്ങൾ കുട്ടികളെ കൂടുതൽ അപകടത്തിലേക്കെത്തിക്കുന്നു.
പക്ഷേ സോഷ്യൽ മീഡിയയ്ക്ക് ഇരുണ്ട വശം മാത്രമാണോ ഉള്ളത്.,പക്ഷേ സോഷ്യൽ മീഡിയയ്ക്ക് ഇരുണ്ട വശം മാത്രമാണോ ഉള്ളത്?
പ്രത്യക്ഷത്തിൽ അല്ലാ എന്നായിരിക്കും പലരുടെയും ഉത്തരം.,പ്രത്യക്ഷത്തിൽ അല്ല എന്നായിരിക്കും പലരുടെയും ഉത്തരം.
ഉപയോഗിക്കേണ്ട രീതിയിൽ ഉപയോഗിച്ചാൽ ഇത്രയും ഉപകാരമുള്ള ഒന്ന് നമ്മുടെ ജീവിതത്തിൽ വോയെില്ല.,ഉപയോഗിക്കേണ്ട രീതിയിൽ ഉപയോഗിച്ചാൽ ഇത്രയും ഉപകാരമുള്ള ഒന്ന് നമ്മുടെ ജീവിതത്തിൽ വേറെയില്ല.
പണ്ടൊക്കെ കൂടെ പഠിച്ച ആളുകൾ അല്ലെങ്കിൽ പരിചയപ്പെട്ട ആളുകളെയൊക്കെ പിന്നീട് അങ്ങോട്ട് നമ്മുടെ ജീവിതത്തിൽ കണക്ട് ചെയ്യാൻ പറ്റി എന്ന് വരില്ല.,പണ്ടൊക്കെ കൂടെ പഠിച്ച ആളുകളെ അല്ലെങ്കിൽ പരിചയപ്പെട്ട ആളുകളെയൊക്കെ പിന്നീട് അങ്ങോട്ട് നമ്മുടെ ജീവിതത്തിൽ കണക്ട് ചെയ്യാൻ പറ്റി എന്ന് വരില്ല.
"പക്ഷേ ഇന്നത്തെ കാലത്ത് ആളുകളെ കണക്ച് ചെയ്യാനും, കമ്മ്യൂണിക്കേറ്റ് ചെയ്യാനും വളരെ എളുപ്പമാണ്","പക്ഷേ ഇന്നത്തെ കാലത്ത് ആളുകളെ കണക്ച് ചെയ്യാനും, കമ്മ്യൂണിക്കേറ്റ് ചെയ്യാനും വളരെ എളുപ്പമാണ്."
"സോഷ്യൽ മീഡിയകൾ വഴി നമ്മുടെ ഐഡികൾ കൈമാറുകയോ അല്ലെങ്കിൽ വാട്സആപ്പ്, ടെലഗ്രാം മുതലായവകളിൽ നമ്പർ ഷെയർ ചെയ്യുകയോ ചെയ്യാം.","സോഷ്യൽ മീഡിയകൾ വഴി നമ്മുടെ ഐഡികൾ കൈമാറുകയോ അല്ലെങ്കിൽ വാട്സ്ആപ്പ്, ടെലഗ്രാം മുതലായവകളിൽ നമ്പർ ഷെയർ ചെയ്യുകയോ ചെയ്യാം."
ഇൻസ്റ്റഗ്രാമിൽ പരസ്പരം റീലുകൾ ഷെയർ ചെയ്ത് അല്ലെങ്കിൽ മെസ്സേജുകൾ പരസ്പരം ഷെയർ ചെയ്ത് ബന്ധം നിലനിർത്താം,ഇൻസ്റ്റഗ്രാമിൽ പരസ്പരം റീലുകൾ ഷെയർ ചെയ്ത് അല്ലെങ്കിൽ മെസ്സേജുകൾ പരസ്പരം ഷെയർ ചെയ്ത് ബന്ധം നിലനിർത്താം.
"ജോലി അന്വേഷിക്കാനായി ലിങ്കഡ്ഇൻ, നൌക്കരി മുതലായ പ്ലാറ്റ്ഫോമ്മുകളും ആളുകൾ ഉപയോഗിക്കുന്നു.","ജോലി അന്വേഷിക്കാനായി ലിങ്കഡ്ഇൻ, നൌക്കരി മുതലായ പ്ലാറ്റ്ഫോമുകളും ആളുകൾ ഉപയോഗിക്കുന്നു."
ഇതൊക്കെ സോഷ്യൽ മീഡിയയുടെ നല്ല വശങ്ങളിലൊന്നാണ്.,ഇതൊക്കെ സോഷ്യൽ മീഡിയയുടെ നല്ല വശങ്ങളാണ്.
"അതേപോലെ ലോകത്തിന്റെ പല സ്ഥലങ്ങളിലും നടക്കുന്ന കാര്യങ്ങൾ ജനങ്ങളിലേക്കെത്തിയ്ക്കാനും അതേപോലെ ഗ്രൂപ്പുകളിലായി രാഷ്ട്രീയം, കല, സാഹിത്യം, പ്രപഞ്ചം, ടെക്നോളജി അങ്ങനെ പലതുമായ കാര്യങ്ങളെക്കുറിച്ചും ആളുകശക്ക് ചർച്ച ചെയ്യാനും ഇത്തരത്തിലുള്ള സോഷ്യൽ മീഡിയകൾ സഹായകമാകുന്നുണ്ട്.","അതേപോലെ ലോകത്തിന്റെ പല സ്ഥലങ്ങളിലും നടക്കുന്ന കാര്യങ്ങൾ ജനങ്ങളിലേക്കെത്തിക്കാനും അതേപോലെ ഗ്രൂപ്പുകളിലായി രാഷ്ട്രീയം, കല, സാഹിത്യം, പ്രപഞ്ചം, ടെക്നോളജി അങ്ങനെ പലതുമായ കാര്യങ്ങളെക്കുറിച്ചും ആളുകൾക്ക് ചർച്ച ചെയ്യാനും ഇത്തരത്തിലുള്ള സോഷ്യൽ മീഡിയകൾ സഹായകമാകുന്നുണ്ട്."
"2018-ലെ കേരളത്തിലെ പല ഗ്രൂപ്പുകളും ""കൺട്രോൾ റൂമു""കളായ് പ്രവർത്തിച്ച് എല്ലാവർക്കും സഹായമെത്തിച്ചത് ആരും മറന്നുകാണില്ല,","2018-ലെ കേരളത്തിലെ പല ഗ്രൂപ്പുകളും ""കൺട്രോൾ റൂമു""കളായി പ്രവർത്തിച്ച് എല്ലാവർക്കും സഹായമെത്തിച്ചത് ആരും മറന്നുകാണില്ല,"
ചുരുക്കി പറഞ്ഞാൽ സോഷ്യൽ മീഡിയകൾ മനുഷ്യജീവിതത്തിന്റെ ഭാഗമാണ്,ചുരുക്കി പറഞ്ഞാൽ സോഷ്യൽ മീഡിയകൾ മനുഷ്യജീവിതത്തിന്റെ ഭാഗമാണ്.
ഒരിക്കലും അവ നമ്മളുടെ ജീവിതത്തിൽ നിന്നും ഒഴിമാക്കപ്പെടേണ്ടവയല്ല പ്രത്യേകിച്ച് ഇന്നത്തെ ഒരു കാലഘട്ടത്തിൽ.,"ഒരിക്കലും അവ നമ്മളുടെ ജീവിതത്തിൽ നിന്നും ഒഴിമാക്കപ്പെടേണ്ടവയല്ല, പ്രത്യേകിച്ച് ഇന്നത്തെ ഒരു കാലഘട്ടത്തിൽ."
നല്ലതും മോശവുമായ പല കാര്യങ്ങളും സോഷ്യൽ മീഡിയവഴി നടക്കുന്നുണ്ട് അത് നമ്മളെ സ്വാധീനിക്കുന്നുമ്മുണ്ട്.,"നല്ലതും മോശവുമായ പല കാര്യങ്ങളും സോഷ്യൽ മീഡിയ വഴി നടക്കുന്നുണ്ട്, അത് നമ്മളെ സ്വാധീനിക്കുന്നുമുണ്ട്."
സോഷ്യൽ മീഡിയ ഉപയോഗിക്കാതെ ഇരിക്കുന്നത് നമ്മളെ സമൂഹത്തിൽ ഇന്ന് നടക്കുന്ന പല കാര്യങ്ങളും അപ്പപ്പോൾ അറിയുന്നതിത് തടസ്സമാകുന്നുണ്ട്.,സോഷ്യൽ മീഡിയ ഉപയോഗിക്കാതെ ഇരിക്കുന്നത് നമ്മളെ സമൂഹത്തിൽ ഇന്ന് നടക്കുന്ന പല കാര്യങ്ങളും അപ്പപ്പോൾ അറിയിക്കുന്നതിന് തടസ്സമാകുന്നുണ്ട്.
പക്ഷേ ഇതിന്റെ പരിമിതമല്ലാത്ത ഉപയോഗം നമ്മുടെ ജീവിതത്തിൽ ദുഷ്ക്കരമായ രീതിയിൽ എഫക്ട് ചെയ്യുന്നുമുണ്ട്.,പക്ഷേ ഇതിന്റെ പരിമിതമല്ലാത്ത ഉപയോഗം നമ്മുടെ ജീവിതത്തെ ദുഷ്ക്കരമായ രീതിയിൽ അഫക്ട് ചെയ്യുന്നുമുണ്ട്.
"ആകെത്തുകയിൽ സോഷ്യൽ മീഡിയയുടെ പരിധി യിൽ കവിഞ്ഞ ഉപയോഗവും, പക്വതയില്ലാത്ത ഉപയോഗവും നമ്മുടെ ജീവിതം തന്നെ നശിപ്പിക്കാൻ കെൽപ്പുള്ളതാണ്.","ആകെത്തുകയിൽ സോഷ്യൽ മീഡിയയുടെ പരിധിയിൽ കവിഞ്ഞ ഉപയോഗവും, പക്വതയില്ലാത്ത ഉപയോഗവും നമ്മുടെ ജീവിതം തന്നെ നശിപ്പിക്കാൻ കെൽപ്പുള്ളതാണ്."
ആളുകളുടെ ഇൻഫ്ലുവൻസിൽ സ്വന്തം ജീവിതം മറക്കന്ന ഒരു തലമുറയാണ് ഇന്നത്തേത്.,ആളുകളുടെ ഇൻഫ്ലുവൻസിൽ സ്വന്തം ജീവിതം മറക്കുന്ന ഒരു തലമുറയാണ് ഇന്നത്തേത്.
"പക്ഷേ പക്വമായ ഉപയോഗം ഒരു പരിധിവരെ നല്ലതാണ്, നമ്മുടെ ക്രിയേറ്റീവായ ഐഡിയകൾ പങ്ക് വെക്കാനും, കഴിവുകൾ പ്രകടിപ്പിക്കാനും, അറിവുകൾ പങ്ക് വെക്കാനും സോഷ്യൽ മീഡിയ ഉപയോഗം വഴി സാധിക്കുന്നു","പക്ഷേ പക്വമായ ഉപയോഗം ഒരു പരിധിവരെ നല്ലതാണ്, നമ്മുടെ ക്രിയേറ്റീവായ ഐഡിയകൾ പങ്ക് വെക്കാനും, കഴിവുകൾ പ്രകടിപ്പിക്കാനും, അറിവുകൾ പങ്ക് വെക്കാനും സോഷ്യൽ മീഡിയ ഉപയോഗം വഴി സാധിക്കുന്നു."
ഇത് വളരെ മികച്ച ഒരു വശമാണ്,ഇത് വളരെ മികച്ച ഒരു വശമാണ്.
മനുഷ്യന് ആവശ്യമില്ലാത്ത വസ്ഥുക്കൾ കളയുക എന്നത് ജൈവികമായുള്ളൊരു പ്യവണതയാണ്.,മനുഷ്യന് ആവശ്യമില്ലാത്ത വസ്തുക്കൾ കളയുക എന്നത് സ്വാഭാവികമായുള്ളൊരു പ്രവണതയാണ്.
മനുഷ്യശരീരത്തിൽ തന്നെ ഇത് കാണാൻ പറ്റുന്നതാണ്,മനുഷ്യശരീരത്തിൽ തന്നെ ഇത് കാണാൻ പറ്റുന്നതാണ്.
നാം ഊർജെജക്കുവേണ്ടി കഴിക്കുന്ന ഭക്ഷണത്തിന്റെയുംശരീരത്തിലെ മറ്റു പ്രക്രയകളുടെ മലിന അവശിഷ്ടങ്ങളും നാം പുറത്തേക്ക് കളയുന്നു.,നാം ഊർജ്ജത്തിനുവേണ്ടി കഴിക്കുന്ന ഭക്ഷണത്തിന്റെയും ശരീരത്തിലെ മറ്റു പ്രക്രിയകളുടെയും മലിന അവശിഷ്ടങ്ങൾ നാം പുറത്തേക്ക് കളയുന്നു.
എന്നാൽ നമ്മുടെ സമൂഹം വലുതാവുകയും കൂടുതൽ സങ്കീർണമാകുകയും ചെയ്യുന്നതിലൂടെ നമ്മൾ ഉത്പാദികുന്ന മലിന വസ്തുക്കൾ അതിര് കടക്കുന്നു.,എന്നാൽ നമ്മുടെ സമൂഹം വലുതാവുകയും കൂടുതൽ സങ്കീർണമാകുകയും ചെയ്യുന്നതിലൂടെ നമ്മൾ ഉത്പാദിപ്പിക്കുന്ന മലിന വസ്തുക്കൾ അതിര് കടക്കുന്നു.
"ഇപ്പോൾ നമ്മുടെ പ്രശ്നം ജൈവികമായുള്ള മലിനങ്ങൾ അല്ല, മറിച്ച് അജൈവികമായുള്ള ഒട്ടനേറെ മലിനങ്ങൾ നമ്മൾ ദിവസേന തള്ളിക്കളയുന്നു.","ഇപ്പോൾ നമ്മുടെ പ്രശ്നം ജൈവികമായുള്ള മാലിന്യങ്ങൾ അല്ല, മറിച്ച് അജൈവികമായുള്ള ഒട്ടനേറെ മാലിന്യങ്ങൾ നമ്മൾ ദിവസേന തള്ളിക്കളയുന്നു."
എന്നാൽ എങ്ങോട്ടാണ് നാമിത് തള്ളികളയുന്നത്,എന്നാൽ എങ്ങോട്ടാണ് നാമിത് തള്ളികളയുന്നത്?
ജൈവികമായുള്ള മലിനങ്ങൾ പിന്നെയും പ്രകൃതിയിൽ ലയികും.,ജൈവികമായുള്ള മലിനങ്ങൾ പിന്നെയും പ്രകൃതിയിൽ ലയിക്കും.
"അവ പുഴുക്കളും മറ്റ് സൂക്ഷമജന്തുക്കളും ഭുജികുന്നു, എന്നാൽ പ്ലാസ്റ്റിക് പോലെയുള്ള മനുഷ്യനിർമിത വസ്ഥുക്കൾ പ്രകൃതിയുമായി ലയിക്കാൻ ഒട്ടനേറെ വർഷങ്ങൾ എടുകുന്നു.","അവ പുഴുക്കളും മറ്റ് സൂക്ഷ്മജന്തുക്കളും ഭുജിക്കുന്നു, എന്നാൽ പ്ലാസ്റ്റിക് പോലെയുള്ള മനുഷ്യനിർമിത വസ്തുക്കൾ പ്രകൃതിയുമായി ലയിക്കാൻ ഒട്ടനവധി വർഷങ്ങൾ എടുക്കുന്നു."
ഇവ പല സ്ഥലങ്ങളിലായി അങ്ങനെ തന്നെ കിടകുന്നു.,ഇവ പല സ്ഥലങ്ങളിലായി അങ്ങനെ തന്നെ കിടക്കുന്നു.
നമ്മൾ ഉപയോഗത്തിന് എളുപ്പമാകാൻ നിർമ്മച്ചെടുത്ത ഇത്തരം വസ്ഥുക്കളുടെ എണ്ണം വളരെയധികം പെരുത്തിരികുന്നു.,നമ്മൾ ഉപയോഗത്തിന് എളുപ്പമാകാൻ നിർമ്മിച്ചെടുത്ത ഇത്തരം വസ്തുക്കളുടെ എണ്ണം വളരെയധികം പെരുത്തിരിക്കുന്നു.
പ്രത്യേകിച്ച് ഈ ഭൂമിയിൽ മനുഷ്യരുടെ എണ്ണവും വർധിച്ച സ്ഥിതിക്ക്,പ്രത്യേകിച്ച് ഈ ഭൂമിയിൽ മനുഷ്യരുടെ എണ്ണവും വർധിച്ച സ്ഥിതിക്ക്.
എന്നാൽ ഈ മലിനികരണം എങ്ങനയാണ് ദോഷകരമാകുന്നത്,എന്നാൽ ഈ മലിനീകരണം എങ്ങനെയാണ് ദോഷകരമാകുന്നത്?
ഒന്നാമതായി . ഇത് ആരോഗ്യത്തിന് അപകടകരമാണ്.,ഒന്നാമതായി ഇത് ആരോഗ്യത്തിന് അപകടകരമാണ്.
കടലിൽ നാം തള്ളുന്ന മാലിന്യത്തിലെ പ്ലാസ്റ്റിക്ക് അവശിഷ്ടങ്ങൾ കടൽ മത്സ്യങ്ങളിലും മറ്റു ജന്തുക്കളുടെ വയറ്റിലും കാണപ്പെട്ടു തുടങ്ങയിരിക്കുന്നു.,കടലിൽ നാം തള്ളുന്ന മാലിന്യത്തിലെ പ്ലാസ്റ്റിക്ക് അവശിഷ്ടങ്ങൾ കടൽ മത്സ്യങ്ങളിലും മറ്റു ജന്തുക്കളുടെ വയറ്റിലും കാണപ്പെട്ടു തുടങ്ങിയിരിക്കുന്നു.
"ഇത് മറ്റു ജീവികൾക്കും ദോഷകരമാണ്, എന്നാൽ അവയെ ആശ്രയിക്കുന്ന മനുഷ്യരുടെ ജീവനും ദോഷകരമാണ്.","ഇത് മറ്റു ജീവികൾക്കും ദോഷകരമാണ്, അവയെ ആശ്രയിക്കുന്ന മനുഷ്യരുടെ ജീവനും ദോഷകരമാണ്."
മനുഷ്യ ശരിരത്തിലും ഗവേഷകർ ഈ അടുത്ത കാലത്ത് പ്ലാസ്റ്റിക്കിന്റെ സൂക്ഷ്മ അവശിഷ്ടങ്ങൾ (മൈക്രോ പ്ലാസ്റ്റിക്ക്) കണ്ടത്തിയിരികുന്നു.,മനുഷ്യ ശരീരത്തിലും ഗവേഷകർ ഈ അടുത്ത കാലത്ത് പ്ലാസ്റ്റിക്കിന്റെ സൂക്ഷ്മ അവശിഷ്ടങ്ങൾ (മൈക്രോ പ്ലാസ്റ്റിക്ക്) കണ്ടത്തിയിരിക്കുന്നു.
"ജലം പ്ലാസ്റ്റിക്കിനാൽ മാത്രമല്ല, പല്ല രാസനായിക വസ്ഥുക്കുളലാലും മലിനീകരിക്കപ്പെട്ടിരിക്കുന്നു.","ജലം പ്ലാസ്റ്റിക്കിനാൽ മാത്രമല്ല, പല രാസ വസ്തുക്കളാലും മലിനീകരിക്കപ്പെട്ടിരിക്കുന്നു."
യമുന പോലെയുള്ള നദികൾ ഇതിനൊരു ഉദാഹരണമാണ്,യമുന പോലെയുള്ള നദികൾ ഇതിനൊരു ഉദാഹരണമാണ്.
ജലം ജിവന് അത്യന്തമായ ഒരു ഘടകമാണ്.,ജലം ജീവന് അത്യന്തമായ ഒരു ഘടകമാണ്.
അത് നമ്മൾ തന്നെ നമുടെ ആരോഗ്യത്തിന് അപകടകരമാക്കിയിരിക്കുന്നു.,അത് നമ്മൾ തന്നെ നമ്മുടെ ആരോഗ്യത്തിന് അപകടകരമാക്കിയിരിക്കുന്നു.
അതുപ്പോലെ തന്നെ ജീവന് ആവശ്യകരമായ വായുവും നമ്മൾ പ്രതിദിനം മലിനീകരിച്ച് കൊണ്ടിരിക്കുകയാണ്.,അതുപോലെ തന്നെ ജീവന് ആവശ്യകരമായ വായുവും നമ്മൾ പ്രതിദിനം മലിനീകരിച്ച് കൊണ്ടിരിക്കുകയാണ്.
"വാഹനങ്ങളിൽ നിന്നുള്ള പുകയും, രാസനായിക പ്രകൃിയകൾ നടുക്കണ ഉതിപാദന കേന്ദ്രങ്ങളിൽ നിന്നുയരുന്ന പുകയുമൊക്കെ വായു മലിനീകരണത്തിന് കാരണമാകുന്നു.","വാഹനങ്ങളിൽ നിന്നുള്ള പുകയും, രാസ പ്രക്രിയകൾ നടക്കുന്ന ഉത്പാദന കേന്ദ്രങ്ങളിൽ നിന്നുയരുന്ന പുകയുമൊക്കെ വായു മലിനീകരണത്തിന് കാരണമാകുന്നു."
ഈ വായു ശ്വസിക്കന്നതിലൂടെ മനുഷ്യർക്ക് പലതരം രോഗങ്ങളും വന്നുചേരുന്നു.,ഈ വായു ശ്വസിക്കുന്നതിലൂടെ മനുഷ്യർക്ക് പലതരം രോഗങ്ങളും വന്നുചേരുന്നു.
"സർക്കാറുകളും, ശാസ്ത്രജ്ഞരും, പ്രകൃതിസംരക്ഷകരുമൊക്കെ കടുത്ത് പരിശ്രമിച്ചിട്ടും വർദ്ധിച്ച വരുന്ന ഈ ഗുരുതരമായ പ്രശ്നത്തിന് ഒരു ഒറ്റമൂലിയായ പോംവഴി കണ്ടെത്താകുന്നില്ല.",സർക്കാരുകളും ശാസ്ത്രജ്ഞരും പ്രകൃതിസംരക്ഷകരുമൊക്കെ നന്നായി പരിശ്രമിച്ചിട്ടും വർദ്ധിച്ച് വരുന്ന ഈ ഗുരുതരമായ പ്രശ്നത്തിന് ഒരു ഒറ്റമൂലിയായ പോംവഴി കണ്ടെത്താകുന്നില്ല.
ഇതിന് എല്ലാ ജനങ്ങളും ഒരുമിച്ച് പരിശ്രമിക്കേണ്ടതായിട്ടുണ്ട്,ഇതിന് എല്ലാ ജനങ്ങളും ഒരുമിച്ച് പരിശ്രമിക്കേണ്ടതായിട്ടുണ്ട്.
മലിനകരണം നമ്മുടെ ചുറ്റുപാടിന്റെ സൌന്ദര്യവും ഇല്ലാതുക്കുന്നു.,മലിനീകരണം നമ്മുടെ ചുറ്റുപാടിന്റെ സൌന്ദര്യവും ഇല്ലാതാക്കുന്നു.
ഉല്ലാസ്സയാത്രക്കായി പോകുന്ന ഇടങ്ങൾ പ്രകൃതിരമണീയമായി കാണാനാണ് ഏവർകും ഇഷ്ടം.,ഉല്ലാസ്സയാത്രയ്ക്കായി പോകുന്ന ഇടങ്ങൾ പ്രകൃതിരമണീയമായി കാണാനാണ് ഏവർക്കും ഇഷ്ടം.
എന്നാൽ അത് അങ്ങനെ തന്നെ സൂക്ഷക്കേണ്ട ദൌത്യം നമ്മുടെതാണ് എന്ന ബോധം അധികമാളുകളിൽ കാണാനില്ല.,എന്നാൽ അത് അങ്ങനെ തന്നെ സൂക്ഷിക്കേണ്ട ദൌത്യം നമ്മുടേതാണ് എന്ന ബോധം അധികമാളുകളിൽ കാണാനില്ല.

തന്റെ സ്വന്തം വീടിന്റെ പരിസരവും സ്വന്തം ഗ്രാമവുേം നഗരവും പോലും വൃത്തിയായി സൂക്ഷിക്കേണ്ട ഉത്തരവാദിത്ത്വം ഓരോ പൌരന്റേതാണ്.,തന്റെ സ്വന്തം വീടിന്റെ പരിസരവും സ്വന്തം ഗ്രാമവും നഗരവും പോലും വൃത്തിയായി സൂക്ഷിക്കേണ്ട ഉത്തരവാദിത്ത്വം ഓരോ പൌരന്റേതുമാണ്.
